,School,Enrollment,Identified,Breakfast,Lunch,group
0,1019,268.0,114.0,13744.0403226,32119.4153166,1.0
1,1025,188.0,121.0,2660.63346774,8954.46719989,1.0
2,1034,348.0,262.0,18359.9104839,39773.741129,1.0
3,1060,679.0,293.0,7340.88508065,19996.6546345,1.0
4,1061,291.0,99.0,4320.55524194,25602.8632156,1.0
5,1063,201.0,119.0,16247.9189516,27552.9272322,3.0
6,1064,246.0,169.0,10049.1048387,28148.6903226,1.0
7,1080,218.0,134.0,9791.57903226,33640.1334932,3.0
8,1110,382.0,143.0,9161.76048387,40234.0929047,1.0
9,1134,356.0,270.0,29245.9741935,53232.607007,3.0
10,1142,358.0,267.0,32876.5282258,54322.6899575,1.0
11,1163,301.0,79.0,12683.1459677,25787.5290511,1.0
12,1164,330.0,107.0,4057.43104839,24637.9767641,1.0
13,1184,668.0,238.0,17622.3229839,80283.1863876,1.0
14,1202,206.0,107.0,12677.5475806,32203.6887385,3.0
15,1292,133.0,92.0,174.949596774,5050.58380856,1.0
16,1330,308.0,161.5,15639.0943548,22126.2254032,1.0
17,1488,314.0,41.0,4681.65120968,19678.7379905,1.0
18,1518,384.0,237.0,9125.37096774,27248.0220443,1.0
19,1529,332.0,161.0,3240.06653226,4885.81384762,1.0
20,1545,398.0,180.0,19173.0762097,38021.8458525,1.0
21,1586,546.0,136.0,9710.40241935,23616.9359274,1.0
22,1605,298.0,195.0,1142.07096774,6017.26290244,1.0
23,1650,1738.0,184.0,24859.6379032,103697.038212,1.0
24,1664,0.0,0.0,3732.72459677,3732.72459677,
25,1843,64.0,39.0,3287.65282258,8763.50280868,3.0
26,1866,308.0,161.5,16261.9149194,43137.8313358,2.0
27,1873,260.0,156.0,18274.5350806,38647.0657258,3.0
28,1884,0.0,0.0,967.121370968,1773.2891129,
29,1907,245.0,42.0,10418.5983871,29640.1498202,1.0
30,2002,605.0,399.0,26257.8350806,93180.0796875,3.0
31,2003,768.0,81.0,16992.5044355,61616.6817834,1.0
32,2006,680.0,20.0,9981.92419355,51467.4698237,1.0
33,2011,912.0,162.0,17879.8487903,79185.5892227,1.0
34,2033,629.0,223.0,22989.7766129,59831.0597503,1.0
35,2040,657.0,29.0,9245.73629032,48941.7865946,1.0
36,2041,699.0,10.0,5454.22862903,49505.2308065,1.0
37,2047,174.0,106.0,2885.96854839,9713.79206779,1.0
38,2059,580.0,19.0,5063.74112903,35669.1486679,1.0
39,2089,414.0,9.0,2363.91895161,19474.0478327,1.0
40,2116,587.0,133.0,9935.7375,74991.5586959,1.0
41,2126,785.0,464.0,36756.2104839,95777.3878808,1.0
42,2139,373.0,216.0,6600.4983871,14349.0103295,1.0
43,2147,191.0,100.0,22786.8350806,27955.5577291,3.0
44,2151,543.0,170.0,20285.7556452,67397.5826613,1.0
45,2158,761.0,27.0,12748.9270161,45825.9769894,1.0
46,2183,555.0,16.0,2376.51532258,38085.7224496,1.0
47,2190,596.0,22.0,5624.97943548,48299.5913769,1.0
48,2198,475.0,96.0,14201.7084677,48650.9157269,1.0
49,2217,601.0,95.0,9037.19637097,55975.7553954,1.0
50,2225,304.0,58.0,12084.1185484,26321.3793903,1.0
51,2234,685.0,16.0,2226.75846774,48537.1632497,1.0
52,2250,359.0,9.0,4261.77217742,19455.5148387,1.0
53,2267,397.0,9.0,3156.09072581,22445.8,3.0
54,2276,849.0,40.0,2760.00483871,54020.0720351,1.0
55,2280,266.0,128.0,4754.43024194,12827.5735887,1.0
56,2281,181.0,21.0,5184.10645161,18177.0582858,1.0
57,2282,285.0,133.0,3916.07177419,15651.652555,1.0
58,2298,503.0,258.0,695.599596774,6900.02009447,1.0
59,2313,239.0,137.0,6676.0766129,2280.33319672,1.0
60,2340,204.0,7.0,801.968951613,16038.6792339,1.0
61,2343,372.0,19.0,9206.54758065,28682.0206694,1.0
62,2374,520.0,251.0,9695.00685484,31231.5671899,1.0
63,2376,443.0,107.0,321.907258065,3290.81239135,1.0
64,2392,418.0,232.0,17573.3370968,6571.03037414,1.0
65,2394,309.0,36.0,8022.48870968,37556.4593923,1.0
66,2397,510.0,34.0,12249.2709677,46930.2180476,1.0
67,2399,397.0,221.0,8550.13669355,24716.3158384,1.0
68,2412,529.0,86.0,2414.30443548,12961.4324597,1.0
69,2417,374.0,46.0,9125.37096774,31431.3648326,1.0
70,2420,592.0,364.0,6680.27540323,30960.4865323,1.0
71,2422,623.0,241.0,7538.22822581,33224.0676341,1.0
72,2427,308.0,181.0,10817.4834677,28976.4500257,2.0
73,2473,200.0,86.0,0.0,3655.74677419,1.0
74,2479,1288.0,175.0,11780.4060484,51102.2259296,1.0
75,2500,373.0,217.0,7542.42701613,13401.2311916,1.0
76,2501,441.0,156.0,9759.38830645,26190.7528446,1.0
77,2504,254.0,151.0,4898.58870968,2554.08771744,1.0
78,2505,372.0,214.0,8925.22862903,15750.0545695,1.0
79,2506,608.0,370.0,10187.6649194,20771.5489478,1.0
80,2513,169.0,59.0,6600.4983871,6527.71935484,1.0
81,2516,262.0,140.0,3364.63064516,11253.3634715,1.0
82,2519,3351.0,597.0,67464.7633065,203225.566615,1.0
83,2520,509.0,299.0,6267.39435484,29422.7419581,1.0
84,2522,319.0,181.0,4081.22419355,19731.5153226,1.0
85,2524,1197.0,652.0,13816.8193548,63078.4463723,1.0
86,2525,410.0,229.0,6149.82822581,23858.2116787,1.0
87,2531,1400.0,487.0,18051.9991935,104453.228935,1.0
88,2532,442.0,243.0,1665.52016129,6316.72912101,1.0
89,2533,1633.0,866.0,32082.9568548,82353.0329114,1.0
90,2534,243.0,139.0,3203.67701613,3127.02217742,1.0
91,2537,469.0,284.0,4634.06491935,6119.79381656,1.0
92,2538,349.0,186.0,6720.86370968,24711.5999282,1.0
93,2539,306.0,180.0,3993.04959677,11072.6091625,1.0
94,2540,382.0,253.0,7261.10806452,18721.061647,1.0
95,2546,442.0,209.0,8285.61290323,33412.9682221,1.0
96,2550,738.0,358.0,7469.64798387,27433.429496,1.0
97,2552,352.0,227.0,702.597580645,7087.35531919,1.0
98,2553,570.0,345.0,2596.25201613,11969.5944001,1.0
99,2555,433.0,201.0,11759.4120968,25014.8822015,1.0
100,2558,446.0,180.0,3514.3875,14215.0261694,1.0
101,2559,472.0,68.0,3811.10201613,4030.57899069,1.0
102,2561,610.0,251.0,7948.31008065,301.053266129,1.0
103,2562,439.0,105.0,3342.23709677,14961.9732182,2.0
104,2564,258.0,154.0,7195.32701613,20248.3401534,1.0
105,2568,252.5,168.0,4314.95685484,8291.39376463,1.0
106,2569,481.0,142.0,3352.03427419,27599.0210235,1.0
107,2572,90.3720930233,33.1162790698,11700.6290323,11591.4604839,2.0
108,2576,745.0,163.0,3387.02419355,25097.5444608,1.0
109,2579,709.0,169.0,7951.10927419,43140.8626572,1.0
110,2581,240.0,133.0,1888.05604839,6006.33558566,1.0
111,2582,90.3720930233,33.1162790698,695.599596774,838.358467742,1.0
112,2584,543.0,56.0,5336.6625,17600.3293203,2.0
113,2587,204.0,117.0,3258.26129032,2018.99832373,1.0
114,2588,384.0,217.0,6557.1108871,14089.101175,1.0
115,2592,90.3720930233,33.1162790698,2149.78064516,2438.27131147,1.0
116,2597,242.0,104.0,3546.57822581,16350.1569666,1.0
117,2598,655.0,182.0,7041.37137097,27674.2515705,1.0
118,2603,184.0,12.0,2116.19032258,12367.7555822,1.0
119,2605,202.0,100.0,5102.92983871,1225.95770894,1.0
120,2627,293.0,32.0,5037.14879032,25459.395547,1.0
121,2633,401.0,238.0,6494.12903226,22826.5673231,1.0
122,2634,454.0,152.0,6930.80322581,19818.6549234,1.0
123,2841,537.0,104.0,3855.8891129,7941.64358022,1.0
124,2862,90.0,44.0,10302.4318548,10905.6339335,3.0
125,2874,90.3720930233,33.1162790698,3969.25645161,13037.2439516,2.0
126,2882,0.0,0.0,1392.59879032,1515.76330645,
127,2903,196.0,0.0,3876.88306452,19356.4233871,1.0
128,2905,1295.0,44.0,8054.67943548,24849.9584489,1.0
129,2908,85.0,18.0,12880.4891129,21339.6520161,3.0
130,2909,116.0,29.0,12441.0157258,12432.6181452,3.0
131,2919,347.0,83.0,8789.46774194,26194.4976526,1.0
132,2926,211.0,51.0,6113.43870968,30831.7173387,1.0
133,2927,250.0,26.0,3189.68104839,37697.5592003,1.0
134,2949,357.0,2.0,1977.63024194,36766.9227823,1.0
135,2950,90.3720930233,33.1162790698,512.252419355,838.760319439,1.0
136,2952,128.0,7.0,5552.20040323,20091.2116935,1.0
137,2953,195.0,14.0,11417.9104839,31796.0395161,1.0
138,2955,90.3720930233,33.1162790698,636.816532258,636.816532258,1.0
139,2961,0.0,0.0,501.055645161,4025.24032258,
140,2971,347.0,20.0,4895.78951613,18575.7108115,1.0
141,2985,10.9142857143,3.02857142857,785.173790323,793.716873603,1.0
142,2986,10.9142857143,3.02857142857,502.455241935,842.557258065,1.0
143,2987,10.9142857143,3.02857142857,340.102016129,344.300806452,1.0
144,2989,10.9142857143,3.02857142857,419.879032258,423.918462552,1.0
145,2991,184.0,77.0,17616.7245968,17941.3144153,2.0
146,3009,606.0,89.0,17009.2995968,48654.1292868,1.0
147,3075,575.0,313.0,91493.0407258,63070.9746608,1.0
148,3076,508.0,394.0,32264.9044355,57607.2120914,3.0
149,3084,559.0,178.0,17244.4318548,65358.4757912,1.0
150,3087,864.0,49.0,23387.2620968,94489.8573387,1.0
151,3113,134.0,107.0,9637.6233871,17499.1584677,1.0
152,3118,750.0,84.0,5735.54758065,61738.3380976,1.0
153,3163,570.0,218.0,42837.4584677,63945.522366,2.0
154,3165,718.0,407.0,24098.2572581,73759.2844614,2.0
155,3166,628.0,70.0,23877.1209677,53520.5394806,1.0
156,3180,592.0,321.0,79585.271371,88014.2987815,3.0
157,3185,238.0,162.0,30095.5294355,35783.4907258,3.0
158,3191,443.0,268.0,53281.2495968,58561.6900855,1.0
159,3199,883.0,31.0,18211.5532258,64983.6841089,1.0
160,3207,260.0,206.0,32612.0044355,39951.4899194,3.0
161,3208,124.0,93.0,16014.1862903,19651.7383065,2.0
162,3260,365.0,219.0,9914.74354839,15930.5215054,1.0
163,3261,372.0,220.0,21569.1858871,55525.4065003,3.0
164,3291,237.0,30.0,7546.62580645,15869.0124288,1.0
165,3301,184.0,140.0,17066.6830645,28735.9884168,1.0
166,3334,551.0,15.0,23579.0068548,33791.2313652,1.0
167,3351,1156.0,615.0,452.069758065,41276.98829,1.0
168,3402,311.0,192.0,10713.9133065,27216.7921371,2.0
169,3403,416.0,250.0,13422.1330645,32175.6530591,1.0
170,3404,167.0,99.0,12278.6625,12591.9443361,2.0
171,3417,396.0,129.0,12211.4818548,31288.7022684,1.0
172,3452,315.0,21.0,6582.30362903,21780.3895552,1.0
173,3481,294.0,179.0,5224.69475806,34609.2290323,2.0
174,3507,392.0,231.0,10079.8959677,38149.7498392,1.0
175,3511,2665.0,309.0,61275.746371,170646.128588,1.0
176,3522,423.0,240.0,27237.5528226,25999.0583219,1.0
177,3551,447.0,120.0,13307.366129,37357.362471,1.0
178,3580,31.6666666667,21.2666666667,3010.53266129,5955.28427419,3.0
179,3583,10.9142857143,3.02857142857,1788.68467742,1788.68467742,2.0
180,3592,480.0,278.0,14492.8245968,43440.1348358,2.0
181,3594,549.0,362.0,19451.5959677,62066.9789421,3.0
182,3599,423.0,267.0,14915.5028226,39779.2422069,2.0
183,3659,156.0,17.5,1214.85,18757.2748488,1.0
184,3807,220.0,158.0,12302.4556452,27098.6928283,1.0
185,3823,625.0,338.0,48427.4479839,56545.1077562,3.0
186,3859,156.0,17.5,0.0,1184.05887097,1.0
187,3863,262.0,106.0,11455.6995968,30239.4235349,2.0
188,3871,419.0,274.0,34827.566129,55601.1754536,1.0
189,3875,419.0,265.0,47004.0580645,62559.9196341,3.0
190,3901,124.0,37.0,15217.8157258,12975.1772177,1.0
191,3961,53.0,26.0,4145.60564516,4565.01814516,2.0
192,3982,242.0,22.0,3497.59233871,10927.0019153,1.0
193,3984,10.9142857143,3.02857142857,432.475403226,596.255940594,1.0
194,3985,10.9142857143,3.02857142857,762.780241935,758.761597732,1.0
195,4037,176.0,114.0,9541.05120968,17809.0996697,2.0
196,4065,265.0,148.0,5680.96330645,19031.6346063,1.0
197,4072,679.0,495.0,20483.0987903,77646.0626801,3.0
198,4083,456.0,259.0,14916.9024194,56046.8528226,2.0
199,4102,322.0,220.0,18554.4544355,38276.1725806,3.0
200,4121,242.0,210.0,19089.1004032,31910.8064516,3.0
201,4146,372.0,304.0,42195.0435484,51260.6958096,3.0
202,4155,297.0,231.0,10484.3794355,40934.0068548,2.0
203,4182,345.0,259.0,13784.628629,42152.7216024,2.0
204,4205,481.0,266.0,3578.76895161,29751.228629,1.0
205,4212,566.0,104.0,8313.60483871,37362.354497,1.0
206,4275,323.0,271.0,38010.2491935,44078.9008065,3.0
207,4350,221.333333333,113.333333333,2533.27016129,5364.65443548,1.0
208,4372,577.0,415.0,6319.17943548,31921.2343115,1.0
209,4382,536.0,369.0,5104.32943548,5515.27815769,1.0
210,4425,64.0,36.0,9063.78870968,9063.78870968,3.0
211,4497,206.0,41.0,8758.6766129,19106.0355242,1.0
212,4501,1590.0,793.0,35205.4572581,50461.190178,1.0
213,4517,90.3720930233,33.1162790698,2117.58991935,1505.96612903,1.0
214,4555,474.0,248.0,6806.2391129,15066.631965,1.0
215,4578,413.0,225.0,15928.8108871,13885.9481419,1.0
216,4582,307.0,220.0,3575.96975806,12726.5334677,1.0
217,4607,0.0,0.0,667.60766129,1192.45645161,
218,4609,268.0,177.666666667,4636.8641129,9655.81814516,1.0
219,4835,463.5,270.0,25856.1508065,55243.5531373,1.0
220,4840,268.0,177.666666667,26372.6020161,58202.2318548,3.0
221,4849,463.5,270.0,11808.3979839,35131.7792827,1.0
222,4850,90.3720930233,33.1162790698,4501.10322581,4459.11532258,1.0
223,4868,449.0,307.0,2895.76572581,6633.39288742,1.0
224,4888,32.0,22.0,156.75483871,1160.26572581,1.0
225,4908,268.0,177.666666667,12487.2024194,33468.5576613,3.0
226,4950,90.3720930233,33.1162790698,2018.21854839,0.0,1.0
227,4951,90.3720930233,33.1162790698,1023.10524194,1023.10524194,1.0
228,4973,31.6666666667,21.2666666667,0.0,765.579435484,1.0
229,4999,82.0,35.0,12086.9177419,13123.6421371,3.0
230,5010,1383.0,753.0,15709.0741935,66353.9915792,1.0
231,5030,283.0,249.0,26894.6516129,37566.5770161,3.0
232,5036,429.0,318.0,55674.5600806,55985.2705645,1.0
233,5046,699.0,576.0,41554.0282258,107223.108871,3.0
234,5065,265.0,148.0,30112.3245968,34214.5427419,3.0
235,5092,293.0,246.0,23233.3064516,36791.2004032,1.0
236,5123,513.0,396.0,23710.5689516,65557.1129032,3.0
237,5125,268.0,147.0,17492.1604839,35191.9888306,3.0
238,5129,462.0,349.0,31938.7983871,60151.8701613,3.0
239,5133,225.0,177.0,32947.9076613,33155.5892073,3.0
240,5148,268.0,155.0,27391.5084677,22921.7901393,3.0
241,5154,313.0,240.0,28942.2616935,44221.6596774,1.0
242,5157,242.0,143.0,20112.2056452,19975.2530222,2.0
243,5161,863.0,649.0,33139.6524194,96092.1157258,1.0
244,5168,215.0,140.0,14466.2322581,26447.3505841,1.0
245,5175,326.0,244.0,16373.8826613,39979.4818548,3.0
246,5194,208.0,188.0,12768.521371,28603.5592742,1.0
247,5197,337.0,264.0,20950.5641129,35850.671371,1.0
248,5200,455.0,360.0,41808.7548387,58735.4782258,1.0
249,5363,680.0,213.0,8849.65040323,39888.69242,1.0
250,5384,375.5,209.0,9837.76572581,35804.4846774,1.0
251,5481,294.0,179.0,48704.5681452,47979.9311966,3.0
252,5504,356.0,232.0,2000.02379032,13377.2582254,1.0
253,5517,265.0,84.0,7165.93548387,25766.9470944,1.0
254,5543,540.0,320.0,26693.1096774,41921.6223214,2.0
255,5585,225.0,150.0,2501.07943548,8075.15994806,1.0
256,5609,317.0,180.333333333,7360.47943548,39533.0104839,1.0
257,5667,126.0,88.0,2354.12177419,5856.00361783,2.0
258,5669,321.0,217.0,3350.63467742,11876.6776082,1.0
259,5809,317.0,180.333333333,54686.4447581,70038.6217742,3.0
260,5821,375.5,209.0,27437.6951613,61988.0973916,3.0
261,5826,396.0,236.5,40964.7979839,43026.8273885,3.0
262,5848,317.0,180.333333333,8585.1266129,30530.3019071,1.0
263,5850,221.333333333,113.333333333,18305.3262097,33184.4395161,3.0
264,5853,90.3720930233,33.1162790698,2008.42137097,1821.01412197,1.0
265,5858,396.0,236.5,26428.5858871,36333.0758208,2.0
266,5875,659.0,382.0,19380.2165323,28947.3166706,1.0
267,5883,1124.0,727.0,64444.4334677,102840.241147,2.0
268,5889,294.0,179.0,17816.8669355,31178.8173387,2.0
269,5894,221.333333333,113.333333333,7039.97177419,30148.3956795,1.0
270,5950,90.3720930233,33.1162790698,1164.46451613,1373.85862276,1.0
271,5973,31.6666666667,21.2666666667,822.962903226,935.355676084,1.0
272,5984,10.9142857143,3.02857142857,613.023387097,708.431543437,1.0
273,5992,0.0,0.0,1321.21935484,1321.21935484,
274,6008,560.0,383.0,78695.1278226,90029.0625,3.0
275,6048,594.0,396.0,82297.6899194,83862.7771193,3.0
276,6068,452.5,286.0,12510.9955645,61541.6479167,1.0
277,6098,537.0,360.0,76150.6608871,83990.3494233,3.0
278,6111,424.0,240.0,8523.54435484,43459.8641817,1.0
279,6114,279.0,51.0,6732.06048387,25048.9127846,1.0
280,6115,527.0,402.0,44515.575,80592.9810484,1.0
281,6128,634.0,443.0,27411.1028226,86427.9,3.0
282,6152,604.0,492.0,38010.2491935,75439.6657258,3.0
283,6153,664.0,454.0,27772.1987903,101725.492742,3.0
284,6168,205.0,105.0,11585.8620968,25241.8087516,2.0
285,6173,559.0,323.0,27545.4641129,59263.1262097,1.0
286,6178,275.0,142.0,11860.1830645,39248.0076879,3.0
287,6187,796.0,206.0,11020.425,61344.2006492,1.0
288,6189,916.0,595.0,96642.1572581,109966.318548,3.0
289,6192,274.0,174.0,8361.19112903,36480.4899194,3.0
290,6211,275.0,174.0,2641.0391129,15466.4836996,1.0
291,6278,554.0,219.0,5623.57983871,40508.8686135,1.0
292,6293,591.0,345.0,5445.83104839,32781.2703424,1.0
293,6325,222.0,171.0,11445.9024194,31334.1725806,3.0
294,6366,555.0,342.0,26666.5173387,68420.6879032,3.0
295,6457,191.0,110.0,2.79919354839,7518.63387097,1.0
296,6462,431.0,291.0,5413.64032258,35264.6773008,1.0
297,6463,390.0,263.0,7563.42096774,30270.3096662,1.0
298,6467,572.0,371.0,16888.9342742,27632.8290775,1.0
299,6507,436.0,296.0,6121.83629032,32270.8589147,1.0
300,6513,225.0,100.0,2173.57379032,24229.417343,1.0
301,6523,211.0,128.0,580.83266129,12782.1305155,1.0
302,6540,499.0,256.0,13108.6233871,55458.0352823,1.0
303,6589,1328.0,827.0,16170.941129,59137.8679067,1.0
304,6590,460.0,109.0,2372.31653226,9434.68185484,1.0
305,6646,668.0,477.0,16954.7153226,57529.0258065,1.0
306,6673,440.0,283.0,24206.0262097,69750.1307425,3.0
307,6828,0.0,0.0,1456.98024194,1456.98024194,
308,6850,90.3720930233,33.1162790698,2174.9733871,2509.63195575,1.0
309,6906,331.0,68.0,4254.77419355,27031.8809294,1.0
310,6926,452.5,286.0,29392.9318548,55078.5546371,3.0
311,6973,31.6666666667,21.2666666667,1475.175,2169.375,2.0
312,6993,0.0,0.0,1132.27379032,1631.92983871,
313,6994,0.0,0.0,1100.08306452,2204.36491935,
314,7001,641.0,514.0,90716.2645161,87374.0274194,3.0
315,7005,734.0,606.0,43206.9520161,91884.9278226,2.0
316,7018,613.0,513.0,72524.3056452,72804.225,3.0
317,7025,504.0,367.0,57699.7766129,68416.4891129,1.0
318,7027,461.0,377.0,33653.3044355,64692.1620968,3.0
319,7029,783.0,618.0,25304.7096774,87932.8541606,2.0
320,7030,598.0,491.0,41066.9685484,80530.3382432,3.0
321,7031,736.0,581.0,33678.4971774,78609.7524194,1.0
322,7043,477.0,380.0,30082.9330645,58177.0391129,1.0
323,7049,660.0,544.0,42228.633871,87231.2685484,2.0
324,7065,423.0,385.0,19550.9673387,55884.4995968,3.0
325,7149,657.0,490.0,74012.0770161,25292.3521002,1.0
326,7154,399.0,324.0,40515.5274194,56795.6370968,3.0
327,7157,663.0,494.0,28361.4290323,88539.8915323,1.0
328,7161,510.0,386.0,30371.25,68423.2014339,3.0
329,7179,353.0,277.0,25258.5229839,45498.0919355,2.0
330,7208,482.0,294.0,15335.3818548,33999.0534878,1.0
331,7223,688.0,506.0,5399.64435484,55624.8411209,2.0
332,7269,245.0,213.0,21626.5693548,33539.6619624,1.0
333,7359,347.0,235.0,18428.4907258,42422.5727164,3.0
334,7381,172.0,122.0,14618.7883065,7238.03325545,2.0
335,7387,439.0,307.0,52543.6620968,62857.1371115,3.0
336,7427,294.0,208.0,9283.52540323,12168.4992382,1.0
337,7491,273.5,185.0,10866.4693548,29101.7796675,3.0
338,7497,130.0,88.0,13298.9685484,17147.6111509,1.0
339,7500,527.0,347.0,8571.13064516,35548.030229,2.0
340,7505,764.0,511.0,18881.9600806,80420.8949124,1.0
341,7519,431.0,303.0,18406.0971774,35619.3072581,1.0
342,7522,455.0,307.0,10583.7508065,30651.1883149,2.0
343,7523,536.0,344.0,18999.5262097,40589.2014129,2.0
344,7524,419.0,209.0,11143.5895161,28348.1775309,1.0
345,7527,492.0,348.0,2825.7858871,36078.6537152,2.0
346,7530,386.0,274.0,7876.93064516,22761.8078824,1.0
347,7547,363.0,256.0,1350.6108871,14014.1625,1.0
348,7548,542.0,382.0,6827.23306452,29718.7852789,1.0
349,7551,586.0,445.0,15107.2475806,31214.8721687,1.0
350,7584,467.0,288.0,9916.14314516,32942.6766268,1.0
351,7800,106.0,71.0,2708.21975806,7728.5733871,1.0
352,7801,542.5,324.5,11536.8762097,43293.6878097,2.0
353,7815,447.0,272.0,18490.0729839,45775.8469654,2.0
354,7820,407.0,236.0,883.145564516,26929.6415323,1.0
355,7831,542.5,324.5,36835.9875,70695.7250622,3.0
356,7850,273.5,185.0,20115.0048387,37475.6032258,1.0
357,7852,427.0,299.0,42703.0971774,75310.9028226,3.0
358,7853,327.0,213.0,15793.05,39864.7149194,3.0
359,7864,281.0,176.0,29584.6766129,42803.8681452,3.0
360,7881,657.0,410.0,71267.4677419,75207.3326613,3.0
361,7951,90.3720930233,33.1162790698,1398.19717742,2286.58388673,1.0
362,7984,10.9142857143,3.02857142857,862.151612903,871.006487544,1.0
363,8014,575.0,183.0,23497.8302419,64333.7476574,1.0
364,8062,703.0,530.0,20951.9637097,86700.821371,2.0
365,8069,603.0,373.0,23051.358871,75628.6166734,3.0
366,8071,1721.0,641.0,35460.183871,159643.44879,1.0
367,8072,856.0,563.0,81635.6806452,105279.068952,3.0
368,8107,547.0,458.0,28014.3290323,69047.7072581,3.0
369,8135,273.0,222.0,15969.3991935,43080.1086402,1.0
370,8138,752.0,544.0,37069.7201613,89453.2826203,1.0
371,8140,667.0,552.0,33903.8322581,74329.2029106,2.0
372,8146,416.0,327.0,31335.5721774,63583.6814516,3.0
373,8182,979.0,608.0,100299.303629,122321.855197,3.0
374,8185,328.0,188.5,7240.1141129,29612.6685484,1.0
375,8202,550.0,354.0,9736.99475806,37006.7383065,1.0
376,8237,0.0,0.0,2012.62016129,2377.91491935,
377,8240,0.0,0.0,1895.05403226,3142.09475806,
378,8267,673.0,382.0,17930.2342742,52782.7132258,1.0
379,8282,300.0,193.0,2641.0391129,23323.5195915,1.0
380,8362,212.0,84.0,15080.6552419,23127.2492371,2.0
381,8380,424.0,269.0,13601.2814516,30882.1028226,1.0
382,8392,207.0,92.0,10322.0262097,25036.0580223,2.0
383,8408,242.0,122.0,27.9919354839,19743.9728231,1.0
384,8464,391.0,208.0,36960.5516129,45940.7406578,3.0
385,8465,494.0,113.0,25037.3866935,36383.797087,1.0
386,8487,385.5,223.5,16100.9612903,42000.3862903,1.0
387,8519,245.0,170.0,3675.34112903,11259.2928016,1.0
388,8524,756.0,372.0,13420.7334677,48110.913252,1.0
389,8533,252.5,168.0,3441.60846774,6898.04438411,1.0
390,8535,143.0,92.0,12795.1137097,14904.3060484,3.0
391,8537,199.0,124.0,7851.73790323,7055.36733871,1.0
392,8559,307.0,224.0,39457.4322581,12009.9399194,1.0
393,8580,0.0,0.0,933.531048387,1314.22137097,
394,8587,157.0,113.0,15331.1830645,18116.6219549,1.0
395,8645,291.5,91.0,883.145564516,2197.36693548,1.0
396,8665,237.0,168.0,23955.4983871,30409.0391129,1.0
397,8801,31.6666666667,21.2666666667,1760.69274194,1885.25685484,2.0
398,8803,947.0,622.0,42896.2415323,77305.6822222,2.0
399,8804,268.0,176.0,49029.2745968,51988.6404042,1.0
400,8805,268.0,176.0,12516.5939516,11854.3957748,1.0
401,8840,385.5,223.5,31913.6056452,66750.9689516,1.0
402,8870,328.0,188.5,26485.9693548,56668.2737903,3.0
403,8900,262.0,72.0,16341.6919355,32437.6610335,3.0
404,8918,76.0,22.0,10933.65,11394.1173387,3.0
405,8920,322.0,30.0,16638.4064516,28576.9356012,1.0
406,8927,10.0,2.0,1669.71895161,1669.71895161,2.0
407,8942,242.0,25.0,14434.0415323,20334.5236962,1.0
408,8945,448.0,35.0,57135.7391129,31030.5362963,1.0
409,8947,500.0,65.0,5476.62217742,27366.3303049,1.0
410,8957,453.0,109.0,7220.51975806,26888.1083204,1.0
411,8984,10.9142857143,3.02857142857,596.228225806,611.284284174,1.0
412,8993,0.0,0.0,0.0,2186.17016129,
413,9004,287.5,241.0,13556.4943548,50661.2044355,3.0
414,9011,326.0,268.5,27713.4157258,61257.5516129,3.0
415,9028,777.0,622.0,43540.0560484,110685.71129,1.0
416,9035,687.0,495.0,44810.8899194,91719.7754032,3.0
417,9042,440.0,365.0,27572.0564516,65638.2895161,3.0
418,9055,717.0,623.0,32220.1173387,101147.746288,1.0
419,9058,493.0,392.0,37052.925,73042.1564516,1.0
420,9063,625.0,483.0,28250.8608871,73295.4834677,1.0
421,9070,1298.0,1029.0,46631.7653226,190595.689113,3.0
422,9073,742.0,604.0,25675.6028226,112806.100403,3.0
423,9109,713.0,540.0,31672.875,90778.7683548,3.0
424,9110,479.0,380.0,28547.5754032,66219.1221774,3.0
425,9114,804.0,650.0,19646.1399194,95819.1943548,3.0
426,9126,614.0,505.0,32442.6532258,91866.7330645,3.0
427,9133,147.5,90.5,21832.3100806,32843.7467957,3.0
428,9143,543.0,424.0,29663.0540323,74788.8532258,3.0
429,9149,453.0,330.0,33747.0774194,66931.5169355,3.0
430,9157,560.0,461.0,35087.891129,81243.7935484,1.0
431,9163,515.0,443.0,26087.0842742,81031.0548387,3.0
432,9171,287.5,241.0,17899.4431452,31236.2008065,1.0
433,9173,307.0,237.0,41439.2612903,48773.6026824,1.0
434,9199,802.0,641.0,26238.2407258,87155.8449742,3.0
435,9217,413.0,316.0,664.808467742,12222.9105622,1.0
436,9224,521.0,370.0,21504.8044355,40334.2164394,1.0
437,9227,714.0,507.0,28255.0596774,77230.2606021,3.0
438,9241,626.0,433.0,61569.6616935,50144.0209864,3.0
439,9250,432.0,273.0,2793.59516129,25757.4653568,1.0
440,9261,446.0,286.0,10012.7153226,39216.2048648,2.0
441,9274,814.0,672.0,69495.5782258,116321.329433,1.0
442,9294,508.0,406.0,17884.0475806,66469.65,3.0
443,9311,417.0,349.0,11711.8258065,51514.9584677,1.0
444,9365,308.0,221.0,4916.78346774,34813.4292778,1.0
445,9380,424.0,269.0,14720.958871,24603.5116935,2.0
446,9460,326.0,268.5,18162.5673387,34796.775,1.0
447,9486,249.0,185.0,23489.4326613,29969.5657258,3.0
448,9489,158.0,98.0,28136.0939516,28692.7513083,3.0
449,9529,596.0,440.0,12060.3254032,31517.2398387,1.0
450,9531,506.0,271.0,19021.9197581,53174.9456907,3.0
451,9552,378.0,267.0,3717.32903226,21776.0881126,1.0
452,9555,427.0,309.0,27656.0322581,69627.6342979,3.0
453,9563,375.0,259.0,1820.87540323,20910.2709022,1.0
454,9576,148.0,113.0,1787.28508065,11926.3095262,2.0
455,9578,90.3720930233,33.1162790698,834.159677419,834.159677419,1.0
456,9695,120.5,85.0,0.0,10852.4733871,2.0
457,9833,161.5,85.0,1806.87943548,13725.8455645,1.0
458,9862,471.0,304.0,54438.716129,77899.2821069,3.0
459,9867,161.5,85.0,5419.23870968,27461.1331849,3.0
460,9903,690.0,399.0,40885.0209677,86266.946371,3.0
461,9952,90.3720930233,33.1162790698,1815.27701613,5795.7792572,1.0
462,9954,90.3720930233,33.1162790698,608.824596774,790.272258116,1.0
463,9956,90.3720930233,33.1162790698,1090.2858871,1087.48669355,1.0
464,10003,333.0,266.0,15546.7209677,43952.9370968,1.0
465,10007,752.0,438.0,25734.3858871,86636.578777,2.0
466,10008,1088.0,699.0,28595.1616935,105704.546371,2.0
467,10020,1086.0,683.0,20196.1814516,104001.322132,1.0
468,10024,955.0,130.0,8914.03185484,65507.8091794,1.0
469,10032,836.0,684.0,54750.8262097,118665.080249,2.0
470,20004,496.0,404.0,40427.3528226,70396.9185484,1.0
471,20009,309.0,269.0,43927.7443548,83459.5260402,3.0
472,10077,298.0,195.0,12193.2870968,37219.4770161,3.0
473,10081,742.0,180.0,16379.4810484,66717.7960526,1.0
474,10085,1011.0,792.0,121633.357258,102619.835081,3.0
475,10091,767.0,615.0,34420.2834677,91103.9528226,1.0
476,10094,1295.0,917.0,42710.0951613,159586.222984,1.0
477,10099,271.0,207.0,14288.4834677,34495.2463991,1.0
478,10122,795.0,617.0,53295.2455645,100840.947581,1.0
479,10141,1441.0,449.0,12901.4830645,92585.1944201,1.0
480,10209,270.0,213.0,21150.7064516,38695.6566509,3.0
481,10213,396.0,259.0,21541.1939516,32026.6373857,1.0
482,10222,393.0,122.0,30469.2217742,38463.7185484,1.0
483,10226,481.0,383.0,75589.4225806,72009.2540323,3.0
484,10243,578.0,410.0,4440.92056452,40312.8928384,1.0
485,10265,946.0,550.0,16081.3669355,76626.0842678,1.0
486,10279,556.5,457.5,35503.571371,120335.663126,3.0
487,10280,888.0,637.0,24098.2572581,84993.3133065,2.0
488,10284,390.0,264.0,10312.2290323,21944.0030551,2.0
489,10351,480.0,300.0,1550.75322581,28209.8332531,1.0
490,10353,443.0,268.0,3059.51854839,28904.2515917,1.0
491,10360,504.0,331.0,65571.108871,65373.7657258,3.0
492,10374,460.0,280.0,13024.6475806,25257.0631174,1.0
493,10382,284.0,230.0,13117.0209677,35309.0274194,3.0
494,10387,625.0,536.0,42707.2959677,90300.5842742,1.0
495,10395,360.0,297.0,47323.166129,39990.678629,3.0
496,10397,385.0,151.0,15126.8419355,31239.7980577,1.0
497,10429,241.0,125.0,2939.15322581,19754.8419355,1.0
498,10434,405.0,239.0,4383.53709677,20240.2862937,1.0
499,10437,362.0,220.0,8656.50604839,30562.4882373,2.0
500,10439,414.0,295.0,3433.2108871,24646.0430156,1.0
501,10457,309.0,269.0,8985.41129032,9079.18427419,1.0
502,10477,432.0,241.0,20470.5024194,36631.1319152,2.0
503,10479,556.5,457.5,3714.52983871,15441.7512097,2.0
504,10501,2975.0,456.0,66268.1080645,136971.194727,1.0
505,10503,157.0,88.0,0.0,10281.4379032,1.0
506,10504,141.0,56.0,5.59838709677,6699.78771274,1.0
507,10505,1306.0,778.0,49372.1758065,80477.2816788,1.0
508,10513,316.0,221.0,3491.99395161,26806.8687122,2.0
509,10519,236.0,156.0,2249.15201613,8847.26522652,1.0
510,10539,469.0,247.0,5679.56370968,28246.6137682,1.0
511,10546,369.0,267.0,9144.96532258,24011.9177821,1.0
512,10553,533.0,335.0,13643.2693548,24474.7487903,1.0
513,10633,439.0,289.0,32182.3282258,16668.5810015,1.0
514,10642,418.0,252.0,10855.2725806,33086.6092312,2.0
515,10643,521.0,356.0,20098.2096774,49919.4593098,2.0
516,10649,460.0,309.0,6930.80322581,29081.6317771,1.0
517,10667,124.0,77.0,0.0,7307.29475806,1.0
518,10668,441.0,284.0,19164.678629,40400.4494624,2.0
519,10696,375.0,37.0,1480.7733871,5110.77701613,1.0
520,10800,175.0,69.0,21047.1362903,21063.9314516,3.0
521,10814,462.0,270.0,24792.4572581,58087.4649194,1.0
522,10842,170.0,76.0,23447.4447581,23474.0370968,3.0
523,10846,748.0,578.0,29937.375,82450.2590481,1.0
524,10850,90.3720930233,33.1162790698,3286.25322581,2765.60322581,1.0
525,10860,226.0,141.0,20152.7939516,32170.4075222,1.0
526,10884,665.0,509.0,16190.5354839,82773.5528226,1.0
527,10912,261.0,86.0,26095.4818548,30340.458871,2.0
528,10921,374.0,123.0,15360.5745968,38602.668033,1.0
529,10928,71.0,36.0,10474.5822581,10361.2149194,3.0
530,10953,90.3720930233,33.1162790698,1168.66330645,1168.66330645,1.0
531,10962,209.0,51.0,5678.1641129,28323.0364235,1.0
532,10964,321.0,102.0,14518.0173387,31003.6426811,1.0
533,10984,10.9142857143,3.02857142857,1142.07096774,1184.05887097,1.0
534,10985,10.9142857143,3.02857142857,825.762096774,780.053483312,1.0
535,11016,402.0,236.0,46133.508871,56315.5754032,3.0
536,11019,514.0,125.0,36453.8975806,42767.4472588,1.0
537,11021,693.0,480.0,58386.978629,76693.4335458,1.0
538,11041,940.0,709.0,39860.516129,116160.648487,3.0
539,11078,831.0,484.0,50559.033871,109296.391436,1.0
540,11087,618.0,333.0,29688.2467742,76746.7158169,2.0
541,11097,733.0,295.0,23919.108871,82558.0149194,1.0
542,11103,1190.0,801.0,127483.671774,133111.526822,3.0
543,11105,1238.0,812.0,31017.8637097,149031.86371,1.0
544,11108,599.0,207.0,20084.2137097,74105.622677,1.0
545,11111,692.0,490.0,32875.128629,88926.1802419,3.0
546,11112,398.0,329.0,36679.2326613,54218.9794355,1.0
547,11124,219.0,138.5,21779.1254032,21493.6076613,3.0
548,11153,694.0,222.0,32981.4979839,79342.7693611,1.0
549,11160,416.0,154.0,18576.8479839,49150.936009,1.0
550,11169,411.0,217.0,34921.3391129,62412.2189516,3.0
551,11175,334.0,75.0,8558.53427419,28374.9223279,1.0
552,11178,480.0,217.0,29938.7745968,55792.2033528,2.0
553,11189,394.0,265.0,37440.6133065,55056.9741662,3.0
554,11255,120.0,55.0,6827.23306452,11872.7794355,1.0
555,11270,370.0,210.0,6904.2108871,15518.2688909,1.0
556,11288,608.0,276.0,11608.2556452,32776.5472453,1.0
557,11299,472.0,231.0,7083.35927419,30854.5761786,1.0
558,11357,276.0,159.0,40704.4729839,41150.5826943,3.0
559,11417,129.0,48.0,1.39959677419,6346.20040071,1.0
560,11481,100.0,60.0,3384.225,9806.88231567,2.0
561,11483,77.0,42.0,9592.83629032,9798.22711694,3.0
562,11484,150.0,60.0,6433.94637097,21479.113532,2.0
563,11498,636.0,317.0,16098.1620968,61518.2710447,1.0
564,11508,431.0,237.0,8312.20524194,21906.1418531,1.0
565,11509,335.0,163.0,9750.99072581,37329.157113,1.0
566,11513,378.0,214.0,22267.5846774,32488.3371152,2.0
567,11514,402.0,184.0,8487.15483871,22626.8708217,1.0
568,11518,459.0,244.0,8883.24072581,36519.5186751,1.0
569,11538,284.0,97.0,15149.2354839,30563.5945853,1.0
570,11542,477.0,224.0,3377.22701613,26062.40781,1.0
571,11549,313.0,143.0,11906.3697581,23141.4268739,1.0
572,11570,1956.0,998.0,35013.7125,50559.9232854,1.0
573,11582,149.0,77.0,6741.85766129,10502.2512097,1.0
574,11608,39.0,18.0,5851.7141129,5778.93508065,3.0
575,11699,138.0,54.0,14636.9830645,16231.1237903,2.0
576,11809,317.0,121.0,13014.8504032,34583.3364919,1.0
577,11816,315.0,140.0,17438.9758065,36414.9680556,1.0
578,11848,320.0,116.0,13038.6435484,34010.5407223,1.0
579,11855,543.0,186.0,6474.53467742,64641.7766129,1.0
580,11869,406.0,156.5,23478.2358871,50367.0938203,2.0
581,11875,406.0,156.5,9214.94516129,49064.8015707,1.0
582,11903,59.0,16.0,8394.78145161,8225.43024194,2.0
583,11910,124.0,33.0,7074.96169355,17840.6600806,1.0
584,11915,115.0,33.0,8103.66532258,8822.37533438,1.0
585,11917,144.5,52.5,13054.0391129,16513.8423387,3.0
586,11925,230.0,58.0,14401.8508065,37024.9330645,2.0
587,11943,882.0,180.0,49894.2254032,113858.88963,1.0
588,11944,296.0,42.0,14124.7306452,27927.810839,1.0
589,11960,331.0,56.0,10389.2068548,29119.7772177,1.0
590,11961,77.0,34.0,10872.0677419,10874.8669355,3.0
591,11964,144.5,52.5,18275.9346774,18457.8822581,2.0
592,11970,259.0,44.0,6212.81008065,31237.4504464,1.0
593,12006,541.0,457.0,35490.975,73509.6217742,3.0
594,12044,287.0,245.0,18771.3919355,41255.9141129,1.0
595,12047,1143.0,785.0,45288.1524194,126946.226613,3.0
596,12061,293.0,227.0,17916.2383065,39456.0326613,3.0
597,12092,434.0,349.0,63295.3645161,53803.4999109,3.0
598,12124,219.0,138.5,48760.5520161,40024.9571254,3.0
599,12133,147.5,90.5,6823.03427419,10457.5263354,1.0
600,12134,693.0,521.0,58638.9060484,105027.141532,3.0
601,12150,903.0,700.0,121464.006048,109413.477823,3.0
602,12163,288.0,240.0,19418.0056452,41686.2362903,3.0
603,12200,201.0,146.0,4638.26370968,5264.29561894,1.0
604,12211,591.0,440.0,31805.8366935,68775.6563998,1.0
605,12212,424.0,342.0,19222.0620968,53215.4685484,1.0
606,12214,1054.0,791.0,41737.3754032,95440.5989415,2.0
607,12242,659.0,443.0,12250.6705645,63648.8164361,2.0
608,12248,414.0,283.0,6333.17540323,24777.614166,2.0
609,12267,555.0,385.0,12103.7129032,37577.5674226,2.0
610,12271,687.0,501.0,27552.4620968,55846.7104839,1.0
611,12297,388.0,250.0,6335.97459677,41566.3140013,2.0
612,12300,611.0,496.0,36031.2193548,79914.293246,3.0
613,12314,334.0,253.0,21271.0717742,37475.6032258,3.0
614,12388,461.0,207.0,13970.775,44971.1625787,1.0
615,12403,405.0,239.0,10704.116129,31563.0746892,1.0
616,12428,157.0,91.0,102.170564516,5506.01370968,1.0
617,12458,170.0,114.0,16866.5407258,24372.5782258,3.0
618,12511,383.0,281.0,25192.7419355,20195.7430237,2.0
619,12512,398.0,270.0,2403.10766129,16432.6037967,1.0
620,12521,411.0,271.0,11109.9991935,22884.9249137,1.0
621,12528,90.3720930233,33.1162790698,3258.26129032,3563.55154983,1.0
622,12529,152.0,102.0,9311.51733871,10750.1861895,2.0
623,12536,461.0,332.0,14168.1181452,33546.4125158,2.0
624,12543,275.0,211.0,17986.2181452,37121.034325,1.0
625,12551,344.0,234.0,1290.42822581,18125.3190794,1.0
626,12563,440.0,203.0,12674.7483871,44514.5310655,1.0
627,12570,171.0,118.0,4906.98629032,12147.7643145,2.0
628,12575,213.0,133.0,7027.37540323,11241.7362399,1.0
629,12578,305.0,193.0,3836.29475806,24238.577769,1.0
630,12579,284.0,190.0,3717.32903226,13057.6323085,1.0
631,12691,331.0,214.0,44305.6354839,39460.2314516,3.0
632,12692,315.0,220.0,10895.8608871,25039.7492965,1.0
633,12865,738.0,486.0,23303.2862903,75630.0108871,2.0
634,12898,482.0,264.0,26631.5274194,61264.5495968,3.0
635,12951,90.3720930233,33.1162790698,9892.35,17832.2625,3.0
636,12953,90.3720930233,33.1162790698,295.314919355,278.519758065,1.0
637,12954,90.3720930233,33.1162790698,414.280645161,694.751100409,1.0
638,12974,67.0,17.0,9170.15806452,12013.1255687,2.0
639,12984,10.9142857143,3.02857142857,940.529032258,944.727822581,1.0
640,12985,10.9142857143,3.02857142857,512.252419355,543.9096355,1.0
641,12986,10.9142857143,3.02857142857,272.921370968,289.564100926,1.0
642,12987,10.9142857143,3.02857142857,906.938709677,909.737903226,1.0
643,12988,10.9142857143,3.02857142857,1343.61290323,1343.61290323,2.0
644,12994,0.0,0.0,0.0,3009.13306452,
645,12995,0.0,0.0,1115.47862903,2250.5516129,
646,13003,432.0,317.0,40129.2387097,57292.226549,3.0
647,13008,468.5,44.5,10112.0866935,33027.1065831,1.0
648,13009,854.0,206.0,24604.9112903,72508.0374925,1.0
649,13011,880.0,256.0,18901.5544355,77155.5732521,1.0
650,13020,417.0,174.0,18240.9447581,38428.899446,1.0
651,13044,197.0,162.0,15419.3576613,30381.0471774,3.0
652,13046,316.0,235.0,10075.6971774,35710.004424,3.0
653,13054,239.0,171.0,13763.6346774,35223.6520161,3.0
654,13056,205.0,139.0,13776.2310484,26463.3133821,1.0
655,13067,228.0,191.0,21178.6983871,33627.0763754,3.0
656,13093,290.0,214.0,11317.1395161,35437.2047172,3.0
657,13127,458.0,253.0,8732.08427419,24233.2419728,1.0
658,13256,251.0,199.0,16760.171371,35136.8770161,3.0
659,13265,367.0,242.0,4890.19112903,25840.5658576,1.0
660,13270,131.0,107.0,9014.80282258,19807.0935484,3.0
661,13282,805.0,324.0,24136.046371,75339.875685,1.0
662,13287,199.0,162.0,18716.8076613,30113.7241935,1.0
663,13305,149.0,111.0,9009.20443548,21847.7056452,3.0
664,13307,388.0,245.0,23618.1955645,45962.3048143,3.0
665,13350,258.0,161.0,2063.00564516,13014.7753176,1.0
666,13417,258.0,166.0,7545.22620968,10115.8800213,1.0
667,13507,5643.0,1504.0,67673.3032258,368651.930446,1.0
668,13512,405.0,254.0,3830.69637097,22729.3770782,1.0
669,13522,30.0,5.0,1633.32943548,2415.80400346,1.0
670,13536,236.5,45.0,1139.27177419,10555.6512097,1.0
671,13546,522.0,262.0,5182.70685484,36222.6558101,1.0
672,13548,854.0,350.0,4646.66129032,21994.8297577,1.0
673,13553,143.0,84.0,1153.26774194,10155.4741935,1.0
674,13555,658.0,343.0,18078.5915323,37567.9369759,1.0
675,13564,126.0,85.0,139.959677419,1116.60907258,1.0
676,13593,447.0,189.0,3388.42379032,20435.808016,1.0
677,13595,352.0,121.0,6515.12298387,21826.0839332,1.0
678,13616,193.0,116.0,4748.83185484,5502.36188821,1.0
679,13648,361.333333333,185.333333333,18382.3040323,24768.6641129,1.0
680,13657,197.0,79.0,0.0,8950.10328079,1.0
681,13666,218.0,41.0,1983.22862903,14399.7864012,1.0
682,13674,416.0,165.0,7438.85685484,29657.3649306,1.0
683,13692,512.0,88.0,5352.05806452,19918.7113911,1.0
684,13801,361.333333333,185.333333333,93859.758871,125961.130255,3.0
685,13804,122.0,36.0,18236.7459677,14664.975,2.0
686,13805,84.0,41.0,12509.5959677,12229.6766129,3.0
687,13808,468.5,44.5,2517.87459677,15145.0975456,1.0
688,13837,335.0,152.0,19741.3125,48964.8931452,3.0
689,13854,196.5,111.5,14858.1193548,26497.3382106,3.0
690,13856,196.5,111.5,5718.75241935,24697.1584843,1.0
691,13857,195.0,114.0,48812.3370968,42824.8620968,3.0
692,13865,349.0,164.0,22281.5806452,40403.0484966,2.0
693,13889,216.0,51.0,9836.36612903,17949.9748556,1.0
694,13893,236.5,45.0,5065.14072581,16630.6548387,1.0
695,13940,156.0,29.0,0.0,13019.45434,1.0
696,13950,90.3720930233,33.1162790698,453.469354839,8994.7151963,1.0
697,13952,0.0,0.0,825.762096774,2520.67379032,
698,13969,77.0,15.0,5408.04193548,8553.63568548,1.0
699,13983,0.0,0.0,965.721774194,1833.47177419,
700,13984,10.9142857143,3.02857142857,638.216129032,708.195967742,1.0
701,13988,0.0,0.0,1325.41814516,1728.50201613,
702,14018,176.0,125.0,18912.7512097,26380.9995968,1.0
703,14031,584.0,161.0,29881.391129,69913.1916608,1.0
704,14037,145.0,90.0,26877.8564516,26945.9788329,3.0
705,14038,145.0,90.0,2407.30645161,2854.25909656,1.0
706,14049,245.0,144.0,5035.74919355,11402.5149194,1.0
707,14110,499.0,62.0,21947.0770161,37211.9135952,1.0
708,14147,313.0,198.0,23289.2903226,40850.546836,3.0
709,14182,519.0,248.0,21774.9266129,61900.3310512,2.0
710,14196,345.0,260.0,20866.5883065,43481.122047,3.0
711,14324,175.0,67.0,0.0,5626.2375,1.0
712,14414,608.0,231.0,44596.7516129,56215.6844559,1.0
713,14449,714.0,168.0,6407.35403226,46954.5948088,1.0
714,14513,876.0,487.0,8520.74516129,44042.3111951,1.0
715,14547,300.0,177.0,8552.9358871,27136.9318116,1.0
716,14553,660.0,343.0,1736.89959677,25212.0471892,1.0
717,14558,552.0,264.0,2279.94314516,19332.9288628,1.0
718,14574,844.0,517.0,5091.73306452,22361.4284501,1.0
719,14577,422.0,258.0,8625.71491935,21051.6153814,1.0
720,14578,236.0,154.0,1636.12862903,12490.5807564,1.0
721,14586,510.0,364.0,4114.81451613,16836.5135688,1.0
722,14588,514.0,259.0,5366.05403226,17249.6097209,1.0
723,14614,376.0,210.0,7289.1,28810.1092907,1.0
724,14632,106.0,69.0,646.613709677,6895.81330645,1.0
725,14689,322.0,184.0,25804.3657258,35568.4193548,1.0
726,14850,401.0,207.0,2032.21451613,17265.2212142,1.0
727,14865,966.0,506.0,8187.64112903,72745.9009817,1.0
728,14874,232.0,138.0,17462.7689516,29583.9602512,1.0
729,14885,163.0,90.0,15627.8975806,44729.7133065,3.0
730,14917,200.0,38.0,11321.3383065,20201.5163852,1.0
731,14973,31.6666666667,21.2666666667,731.989112903,731.989112903,1.0
732,14984,10.9142857143,3.02857142857,1307.2233871,1297.42620968,1.0
733,15024,669.0,464.0,64199.5040323,92157.8491935,3.0
734,15029,960.0,57.0,9755.18951613,71825.6811134,1.0
735,15032,511.0,172.0,18876.3616935,47487.9164712,3.0
736,15038,546.0,191.0,39629.5826613,56772.4220459,1.0
737,15039,416.0,37.0,1693.51209677,18754.7240103,1.0
738,15058,489.5,22.0,6936.4016129,63931.48125,1.0
739,15094,1412.0,802.0,96898.2834677,177466.071774,3.0
740,15107,566.0,14.0,4313.55725806,38600.1792339,1.0
741,15118,283.0,16.0,1441.58467742,16274.6862399,1.0
742,15154,530.0,45.0,6191.81612903,36976.7008065,2.0
743,15172,591.0,300.0,23657.3842742,71823.4498473,1.0
744,15176,192.0,163.0,14608.991129,25598.625,2.0
745,15242,661.0,102.0,17069.4822581,35911.6423109,1.0
746,15261,773.0,193.0,31332.7729839,68662.6374025,1.0
747,15293,526.0,234.0,9279.3266129,48476.2314012,1.0
748,15321,1450.0,48.0,5773.33669355,70585.5565092,1.0
749,15418,313.0,28.0,5217.69677419,15790.86313,1.0
750,15423,138.0,96.0,5132.32137097,7544.9772881,1.0
751,15448,654.0,289.0,5482.22056452,25414.4531703,1.0
752,15462,404.0,218.0,1086.08709677,2686.43411535,1.0
753,15463,218.0,106.0,950.326209677,9934.68387097,1.0
754,15464,589.0,256.0,5375.85120968,15848.0131894,1.0
755,15516,355.0,211.0,7485.04354839,45716.6455822,2.0
756,15527,159.0,4.0,11100.2020161,3749.51975806,1.0
757,15528,90.3720930233,33.1162790698,2.79919354839,811.655248071,1.0
758,15530,237.0,125.0,1406.59475806,8955.49237377,1.0
759,15532,18.0,1.0,11.1967741935,137.160483871,1.0
760,15551,90.3720930233,33.1162790698,4391.93467742,6762.8516129,1.0
761,15554,307.0,98.5,16386.4790323,37285.7485774,1.0
762,15557,843.0,355.0,4204.38870968,44790.7670768,1.0
763,15567,1214.0,690.0,3844.69233871,73964.6383506,1.0
764,15570,180.0,109.0,7368.87701613,22875.5670019,3.0
765,15586,568.0,315.0,5970.67983871,18712.699029,1.0
766,15684,655.0,153.0,2601.85040323,26043.079305,1.0
767,15802,31.6666666667,21.2666666667,0.0,994.869980328,1.0
768,15828,340.0,210.0,1331.01653226,2106.0752978,1.0
769,15853,328.0,202.0,4585.07903226,25115.1067265,1.0
770,15878,498.0,150.0,8349.99435484,51403.7911801,1.0
771,15895,197.0,118.0,659.210080645,5130.77444822,1.0
772,15902,155.0,39.0,4480.10927419,11570.1399597,1.0
773,15928,274.0,19.0,0.0,19082.887559,1.0
774,15984,10.9142857143,3.02857142857,717.993145161,741.786290323,1.0
775,15987,0.0,0.0,871.948790323,1452.78145161,
776,16005,217.0,160.0,18350.1133065,28102.503629,3.0
777,16025,118.0,91.0,8107.8641129,17534.1483871,3.0
778,16028,161.0,130.0,18427.091129,23602.8,1.0
779,16081,314.0,251.0,39640.7794355,45831.1959677,3.0
780,16243,251.0,203.0,37726.1310484,37142.4991935,3.0
781,16262,380.0,267.0,20133.1995968,42027.0919355,3.0
782,16308,344.0,250.0,11918.966129,54190.9875,3.0
783,16309,207.0,142.0,18257.7399194,29049.6963466,3.0
784,16335,291.0,219.0,15517.3294355,32233.8009997,3.0
785,16360,306.0,207.0,15934.4092742,43721.820287,1.0
786,16406,210.0,148.0,47433.7342742,54230.1762097,3.0
787,16408,210.0,148.0,3732.72459677,4743.23346774,1.0
788,16508,391.0,243.0,13766.433871,23470.9497509,1.0
789,16627,308.0,207.0,14067.3471774,36736.616129,1.0
790,16628,239.0,101.0,13549.496371,23507.7004045,1.0
791,16669,233.0,164.0,8571.13064516,5403.1397945,1.0
792,16818,333.0,181.0,14306.6782258,48438.685523,2.0
793,16824,376.0,222.0,47180.4072581,52092.266597,3.0
794,16838,662.0,307.5,62925.8709677,70829.5314884,2.0
795,16860,389.0,186.0,70326.9387097,74171.6310484,3.0
796,16861,389.0,186.0,20004.4366935,44614.946371,1.0
797,16865,256.0,168.0,12422.8209677,11637.8493414,1.0
798,16882,639.0,452.0,29593.0741935,72608.2814516,3.0
799,16951,90.3720930233,33.1162790698,1907.65040323,0.0,1.0
800,16959,196.0,91.0,46.1866935484,2975.54274194,1.0
801,17012,254.0,185.0,12294.0580645,32042.3685484,3.0
802,17091,330.0,206.0,26672.1157258,51190.2520161,3.0
803,17092,459.0,286.0,14036.5560484,73544.6116935,1.0
804,17122,561.0,215.0,7107.15241935,26663.7456835,1.0
805,17138,592.0,363.0,23914.9100806,68158.9633065,1.0
806,17161,376.0,230.0,13563.4923387,39061.2648604,1.0
807,17170,277.0,96.0,29727.4354839,28063.1617091,2.0
808,17189,1053.0,619.0,28805.1012097,137979.247984,3.0
809,17191,187.0,152.0,14984.0830645,26589.5395161,3.0
810,17210,548.0,360.0,34980.1221774,67971.4756552,3.0
811,17221,353.0,224.0,9960.93024194,35275.8805334,2.0
812,17241,545.0,345.0,21615.3725806,67157.7559224,1.0
813,17316,497.0,244.0,27986.3370968,55837.3075881,3.0
814,17333,237.5,137.5,29373.3375,37934.6709677,1.0
815,17357,421.0,250.0,44465.1895161,52821.5857303,3.0
816,17375,429.0,287.0,25444.6693548,59600.4290323,3.0
817,17382,420.0,206.0,6628.49032258,32048.7542087,1.0
818,17397,210.0,123.0,24372.5782258,30982.8737903,3.0
819,17398,333.0,268.0,50915.9310484,53407.2133065,3.0
820,17399,470.0,303.0,25535.6431452,64851.9979483,1.0
821,17408,196.0,75.0,951.725806452,7477.50890931,1.0
822,17433,237.5,137.5,7853.1375,14816.5426733,1.0
823,17467,193.0,86.0,9.79717741935,10445.4044718,1.0
824,17515,543.0,203.0,7527.03145161,29826.6201298,1.0
825,17528,206.0,86.0,3897.87701613,12583.0387263,1.0
826,17531,360.0,155.0,5748.14395161,15213.5476485,1.0
827,17532,473.0,336.0,25549.6391129,58105.0517717,1.0
828,17533,224.0,111.0,4333.1516129,12150.7676527,1.0
829,17536,433.0,229.0,3374.42782258,18043.329017,1.0
830,17538,1217.0,381.0,8548.73709677,35774.7373155,1.0
831,17540,313.0,188.0,6600.4983871,17551.0286219,1.0
832,17541,385.0,181.0,3207.87580645,8497.87145927,1.0
833,17546,452.0,209.0,8308.00645161,19598.8675926,1.0
834,17547,383.0,192.0,5466.825,20857.2438039,1.0
835,17549,1201.0,532.0,49076.8608871,90678.000055,1.0
836,17551,381.0,231.0,5128.12258065,25005.0893318,1.0
837,17558,242.0,147.0,4174.99717742,17690.2985456,1.0
838,17573,97.0,50.0,172.150403226,6606.93653226,1.0
839,17663,0.0,0.0,2144.18225806,3857.28870968,
840,17692,331.0,187.0,23651.7858871,37634.1171468,2.0
841,17805,381.0,164.0,18406.0971774,39125.6936861,1.0
842,17834,163.0,90.0,12830.103629,41090.7616935,3.0
843,17845,365.0,165.0,3247.06451613,21019.5703191,1.0
844,17847,0.0,0.0,1699.11048387,2606.04919355,
845,17850,508.0,301.0,29303.3576613,55432.6295414,1.0
846,17853,116.0,38.0,16581.0229839,16772.5262186,2.0
847,17854,339.0,137.666666667,11044.2181452,39062.7459677,1.0
848,17858,520.0,249.0,25160.5512097,45277.7181121,1.0
849,17876,65.0,32.0,6642.48629032,8547.92533065,3.0
850,17879,339.0,137.666666667,52042.6064516,63358.346371,3.0
851,17880,339.0,137.666666667,13725.8455645,55419.8334677,2.0
852,17882,421.0,250.0,5861.51129032,35220.0228291,1.0
853,17884,31.6666666667,21.2666666667,1333.81572581,3106.41447157,2.0
854,17886,146.0,73.0,8702.69274194,17809.2813346,2.0
855,17912,662.0,307.5,21816.9145161,46479.2092742,1.0
856,17941,403.0,206.0,49253.2100806,48673.7770161,3.0
857,17947,247.0,66.0,4211.38669355,18468.4958669,1.0
858,17951,261.0,70.0,3981.85282258,29378.4834922,1.0
859,17956,374.0,156.0,23888.3177419,43126.0035426,1.0
860,17970,77.0,31.0,1766.29112903,12227.9404042,2.0
861,17973,90.3720930233,33.1162790698,1256.83790323,1255.43830645,1.0
862,17981,137.0,24.0,4348.54717742,15135.9070161,1.0
863,17982,0.0,0.0,2331.72822581,3812.5016129,
864,17984,10.9142857143,3.02857142857,734.788306452,751.278605078,1.0
865,17985,10.9142857143,3.02857142857,474.463306452,341.986621686,1.0
866,18002,42.0,19.0,4540.29193548,3805.60730287,2.0
867,18035,416.333333333,148.0,8608.91975806,21434.8245968,1.0
868,18066,793.0,295.0,32886.3254032,92087.7010642,1.0
869,18135,308.5,171.0,24960.408871,64772.168936,3.0
870,18208,448.0,229.0,23462.8403226,59964.3241935,3.0
871,18233,494.0,239.0,47503.7141129,68024.4006353,3.0
872,18235,416.333333333,148.0,19693.7262097,75293.1987912,2.0
873,18244,561.0,281.0,30782.7314516,72418.9175294,1.0
874,18268,417.0,244.0,30624.5770161,54912.9049289,1.0
875,18272,489.0,359.0,55285.4721774,66841.9427419,2.0
876,18276,671.0,300.0,79860.9919355,89441.2318548,3.0
877,18279,460.0,219.0,25215.1354839,63586.4806452,3.0
878,18379,258.0,115.0,35306.2282258,30680.4454031,1.0
879,18517,361.333333333,185.333333333,31036.0584677,20533.8230196,1.0
880,18564,715.0,289.0,13248.5830645,44131.578634,1.0
881,18566,220.0,104.0,5918.89475806,12152.6331842,1.0
882,18567,362.0,190.0,48484.8314516,10030.6622354,1.0
883,18569,371.0,169.0,4131.60967742,14381.7031814,1.0
884,18573,202.0,110.0,12720.9350806,20558.7051959,1.0
885,18576,316.0,154.0,9626.4266129,21301.0114819,1.0
886,18578,182.0,102.0,12559.9814516,3842.37576474,1.0
887,18589,169.0,95.0,201.541935484,11308.7419355,1.0
888,18617,287.0,118.0,3781.71048387,15538.4905031,1.0
889,18624,335.0,131.0,15531.3254032,47472.9229839,2.0
890,18629,344.0,134.0,19987.6415323,19887.7961043,1.0
891,18633,421.0,183.0,7361.87903226,36429.6491236,1.0
892,18635,416.333333333,148.0,21865.9004032,42074.6782258,1.0
893,18636,214.0,90.0,4303.76008065,14533.0886064,1.0
894,18637,273.0,125.0,7157.53790323,24839.0082302,1.0
895,18642,303.0,133.0,3564.77298387,19134.2824973,1.0
896,18645,291.5,91.0,1938.44153226,3525.82981749,1.0
897,18808,214.0,90.0,27257.1471774,44321.0310484,3.0
898,18816,1273.0,574.0,68949.7354839,105807.066835,1.0
899,18824,335.0,131.0,45959.958871,57355.4758065,3.0
900,18835,308.5,171.0,14333.2705645,25996.1104839,1.0
901,18879,258.0,115.0,17881.2483871,21103.1201613,1.0
902,18883,371.0,150.0,18301.1274194,63246.378629,3.0
903,18892,277.0,83.0,16627.2096774,44094.9166468,3.0
904,18901,412.0,68.0,3366.03024194,45450.8555444,1.0
905,18910,134.0,28.0,4351.34637097,14941.3549899,1.0
906,18912,273.0,47.0,14476.0294355,26412.0268024,1.0
907,18922,190.0,63.0,167.951612903,5117.7972535,1.0
908,18924,90.3720930233,33.1162790698,205.740725806,750.92178377,1.0
909,18936,312.0,162.0,37246.0693548,46987.2629032,3.0
910,18951,147.0,24.0,2624.24395161,14799.0966333,1.0
911,18961,224.0,31.0,5000.75927419,25108.4121134,1.0
912,19007,910.0,539.0,113368.738306,119428.992339,3.0
913,19013,493.0,379.0,30968.8778226,58472.3540323,3.0
914,19089,458.0,309.0,38325.1584677,70104.4028226,3.0
915,19149,364.0,271.0,24497.1423387,92300.6080645,3.0
916,19158,618.0,490.0,93868.1564516,91563.0205645,1.0
917,19190,178.0,126.0,15599.9056452,24800.8548387,3.0
918,19202,506.0,386.0,19825.2883065,59501.0195459,3.0
919,19213,332.0,251.0,48001.9705645,50981.7120968,1.0
920,19224,448.0,342.0,51855.0604839,57470.2427419,2.0
921,19290,534.0,363.0,71137.3052419,58545.1330645,1.0
922,19293,302.0,158.666666667,1976.23064516,11671.9372984,1.0
923,19325,230.0,173.0,24088.4600806,33530.1399194,3.0
924,19328,269.0,230.0,23233.3064516,40253.8028226,3.0
925,19346,633.0,360.0,24544.728629,74084.8560484,2.0
926,19395,204.0,148.0,2268.74637097,5227.00746076,1.0
927,19404,543.0,299.0,24516.7366935,36414.1770242,1.0
928,19422,389.0,214.0,27871.5701613,35898.970622,2.0
929,19431,245.0,121.0,0.0,8835.65443548,1.0
930,19450,83.0,40.0,12372.4354839,12364.0379032,3.0
931,19501,157.0,71.0,61.5822580645,2533.27016129,1.0
932,19504,280.0,176.0,871.948790323,10396.3180414,1.0
933,19507,463.0,287.0,2141.38306452,13859.1200054,1.0
934,19510,253.0,158.0,1031.50282258,8571.02222569,1.0
935,19524,503.0,287.0,10516.5701613,28294.2991497,1.0
936,19551,798.0,421.0,56902.0064516,74538.511064,1.0
937,19552,313.0,187.0,3172.8858871,15519.7589242,1.0
938,19561,418.0,265.0,10764.2987903,19100.1362068,1.0
939,19567,90.3720930233,33.1162790698,1137.87217742,1067.89233871,1.0
940,19577,90.3720930233,33.1162790698,2088.1983871,6775.44798387,1.0
941,19583,216.0,90.0,5958.08346774,19776.3024194,1.0
942,19618,385.0,196.0,6271.59314516,21346.9294991,1.0
943,19639,334.0,181.0,3405.21895161,20808.1730192,1.0
944,19645,239.0,140.0,2519.27419355,11228.6356025,1.0
945,19649,364.0,271.0,7633.40080645,7706.17983871,1.0
946,19659,207.0,116.0,2743.20967742,16119.8378107,1.0
947,19677,554.0,399.0,28452.4028226,63747.4342742,3.0
948,19680,438.0,248.0,69960.2443548,67695.0955924,3.0
949,19683,321.0,181.0,446.471370968,14914.9747219,1.0
950,19695,120.5,85.0,97.9717741935,10636.9354839,1.0
951,19833,373.5,199.0,60764.8935484,76776.6126979,3.0
952,19850,416.0,215.5,17150.658871,41874.6435484,1.0
953,19864,236.0,112.0,2176.37298387,13144.4207661,1.0
954,19867,301.0,171.0,8764.275,24557.4264975,1.0
955,19870,157.0,78.0,22476.1245968,24427.095396,3.0
956,19872,385.0,287.0,18203.1556452,56683.6693548,3.0
957,19873,229.0,122.0,20737.8254032,34847.1604839,3.0
958,19874,373.5,199.0,44493.1814516,46343.4483871,3.0
959,19880,416.0,215.5,33108.8612903,62890.7693159,3.0
960,19884,10.9142857143,3.02857142857,607.425,617.582469658,1.0
961,19887,262.0,157.0,7041.37137097,23300.4870968,1.0
962,19888,333.0,172.0,51095.0794355,54090.2165323,3.0
963,19908,272.0,90.0,0.0,26785.9774873,1.0
964,19946,727.0,209.0,15388.5665323,69436.2809448,1.0
965,19950,90.3720930233,33.1162790698,1731.30120968,1738.29919355,1.0
966,19973,31.6666666667,21.2666666667,597.627822581,3161.45584677,2.0
967,19984,10.9142857143,3.02857142857,752.983064516,771.177822581,1.0
968,19985,10.9142857143,3.02857142857,853.754032258,981.463773555,1.0
969,19986,10.9142857143,3.02857142857,412.881048387,502.905607234,1.0
970,20030,401.0,176.5,12026.7350806,58576.1824788,2.0
971,20069,839.0,401.0,52288.9354839,138824.604435,1.0
972,20102,1421.0,556.0,33100.4637097,157657.368389,1.0
973,20104,640.0,198.0,23562.2116935,97550.7983344,2.0
974,20127,526.0,205.0,19616.7483871,57478.2421614,1.0
975,20163,610.0,335.0,20923.9717742,87028.1847573,1.0
976,20170,1074.0,603.0,71348.6443548,144348.539567,1.0
977,20176,1397.0,715.0,44273.4447581,197757.225864,3.0
978,20180,1167.0,632.0,21704.9467742,135600.366515,1.0
979,20182,363.0,63.0,14900.1072581,34801.8391899,1.0
980,20185,666.0,158.0,17976.4209677,62417.3974597,1.0
981,20200,1292.0,635.0,24066.0665323,125053.10386,1.0
982,20204,1178.0,453.0,110716.502419,152392.839681,2.0
983,20229,1244.0,304.0,22641.2770161,134987.650565,2.0
984,20264,503.0,213.0,41404.271371,56600.6983335,3.0
985,20286,580.0,48.0,11930.1629032,37810.6712084,1.0
986,20310,424.0,287.0,14774.1435484,70377.0073357,3.0
987,20314,1096.0,857.0,50689.196371,116093.056114,1.0
988,20503,1243.0,633.0,6687.2733871,79555.7522424,1.0
989,20506,832.0,530.0,53058.7137097,99266.4012097,3.0
990,20517,4416.0,1889.0,46782.9217742,216959.577377,1.0
991,20519,3099.0,1547.0,78742.7141129,224939.554196,1.0
992,20535,3580.0,1702.0,24214.4237903,190546.075446,1.0
993,20609,548.0,330.0,9731.39637097,38139.7118952,1.0
994,20648,569.0,221.0,57195.9217742,71266.3730951,3.0
995,20658,222.0,87.0,18.1947580645,2460.29431074,1.0
996,20815,640.0,198.0,17135.2633065,28851.6020984,1.0
997,20830,401.0,176.5,8912.63225806,26230.3100453,1.0
998,20851,227.0,17.0,11980.5483871,12010.0954301,1.0
999,20906,196.0,49.0,4002.84677419,9671.21370968,1.0
1000,20971,375.0,190.0,52322.5258065,48005.5411732,1.0
1001,20984,10.9142857143,3.02857142857,713.794354839,687.202016129,1.0
1002,21031,165.0,57.0,19338.228629,19318.6342742,2.0
1003,21100,767.0,233.0,20390.7254032,72414.3552771,1.0
1004,21128,457.0,228.0,15191.2233871,63524.7873976,2.0
1005,21168,631.0,266.0,13914.791129,41866.4950664,1.0
1006,21199,525.0,299.0,17850.4572581,75239.6102473,1.0
1007,21209,717.0,325.0,29345.3455645,92436.603902,1.0
1008,21212,682.0,447.0,38136.2129032,93161.2154556,3.0
1009,21215,901.0,416.0,32977.2991935,100231.460893,3.0
1010,21216,730.0,301.0,30845.7133065,80157.4731855,1.0
1011,21226,1022.0,556.0,43626.8310484,124668.758726,3.0
1012,21280,909.0,429.0,6923.80524194,37514.0819061,1.0
1013,21329,440.0,347.0,28826.0951613,60680.9177419,3.0
1014,21348,261.0,146.0,4184.79435484,19324.785502,1.0
1015,21411,220.0,77.0,2.79919354839,2480.08548387,1.0
1016,21501,1977.0,953.0,17777.6782258,91279.6242586,1.0
1017,21506,2252.0,1129.0,36668.0358871,134771.821265,1.0
1018,21528,191.0,115.0,5214.89758065,6688.67298387,1.0
1019,21531,355.0,216.0,13653.0665323,44379.5760583,1.0
1020,21550,1018.0,211.0,17851.8568548,44368.563044,1.0
1021,21559,488.0,257.0,16961.7133065,31530.0049141,1.0
1022,21560,285.0,155.0,3402.41975806,19068.0844848,1.0
1023,21565,3781.0,1696.0,72118.4225806,149948.695107,1.0
1024,21572,315.0,157.0,7123.94758065,20638.4705629,1.0
1025,21951,90.3720930233,33.1162790698,1794.28306452,4587.4657266,1.0
1026,21984,0.0,0.0,2576.65766129,2727.8141129,
1027,22052,852.0,376.0,50491.8532258,102669.783466,3.0
1028,22109,692.0,409.0,42676.5048387,82970.8959677,1.0
1029,22122,643.5,148.0,10004.3177419,31685.0767306,1.0
1030,22139,974.0,540.0,30108.1258065,83443.5268844,1.0
1031,22193,796.0,320.0,42931.2314516,95536.6640828,2.0
1032,22195,476.0,71.0,14182.1141129,45126.4989919,1.0
1033,22198,428.0,246.0,44764.7032258,57920.1182812,1.0
1034,22206,1489.0,553.0,35320.2241935,175084.418258,1.0
1035,22207,643.5,148.0,24042.2733871,89188.4348499,1.0
1036,22222,918.0,247.0,28548.975,81384.5423602,1.0
1037,22236,549.0,127.0,16415.8705645,43410.8648203,1.0
1038,22245,305.0,187.0,32087.1556452,49187.4290323,1.0
1039,22254,791.0,258.0,33281.0116935,90986.1576399,1.0
1040,22255,951.0,477.0,26747.6939516,102708.317899,1.0
1041,22277,435.0,94.0,16012.7866935,37297.7488055,1.0
1042,22312,833.0,222.0,25286.5149194,74986.7374849,1.0
1043,22315,665.0,434.0,33190.0379032,82466.8253267,3.0
1044,22527,3330.0,1264.0,40820.6395161,142068.434035,1.0
1045,22533,3956.0,1501.0,66125.3491935,67458.6020815,1.0
1046,22580,307.0,98.5,0.0,3331.04032258,1.0
1047,22611,432.0,198.0,4649.46048387,23397.7727941,1.0
1048,22630,194.0,93.0,92.3733870968,4958.79794559,1.0
1049,22833,96.0,37.0,7088.95766129,8042.31208944,1.0
1050,22838,432.0,171.0,10319.2270161,33699.491129,1.0
1051,22846,473.0,330.0,31546.9112903,64580.2526714,1.0
1052,22868,208.0,112.0,23121.3387097,29217.0491935,3.0
1053,22911,279.0,52.0,1685.11451613,23903.1767944,1.0
1054,22939,367.0,168.0,9192.5516129,30554.9832731,1.0
1055,22941,113.0,48.0,11441.703629,10335.4603674,2.0
1056,22942,232.0,32.0,0.0,13315.5859831,1.0
1057,22949,247.0,13.0,5532.60604839,15173.7284274,1.0
1058,23041,478.0,416.0,17026.0947581,54645.0907193,3.0
1059,23137,289.0,208.0,18824.5766129,41614.2108871,1.0
1060,23150,192.0,164.0,9683.81008065,25800.1669355,1.0
1061,23155,439.0,350.0,24616.1080645,64573.196371,3.0
1062,23156,750.0,546.0,47186.0056452,117513.348085,3.0
1063,23178,361.0,274.0,26410.391129,43274.1326613,3.0
1064,23184,532.0,428.0,29863.196371,66045.4667088,3.0
1065,23193,293.0,157.0,2184.77056452,12129.5684824,1.0
1066,23244,617.0,323.0,25133.958871,55120.253522,1.0
1067,23263,495.0,377.0,24469.1504032,68551.8093862,1.0
1068,23284,479.0,397.0,18323.5209677,59128.4037331,3.0
1069,23298,216.0,192.0,17912.0395161,30466.4225806,2.0
1070,23327,400.0,310.0,15062.4604839,56308.5774194,1.0
1071,23401,296.0,255.0,28541.9770161,37314.6495968,3.0
1072,23446,364.0,281.0,30423.0350806,50150.3516129,3.0
1073,23557,195.0,114.0,4106.41693548,9476.64132876,1.0
1074,23568,126.0,66.0,375.091935484,4624.39497801,1.0
1075,23593,192.0,113.0,4258.97298387,12449.0376252,1.0
1076,23608,214.0,90.0,10043.5064516,11696.0744122,1.0
1077,23643,208.0,129.0,4235.17983871,5957.87764469,1.0
1078,23647,171.0,123.0,135.760887097,6182.01895161,1.0
1079,23697,305.0,187.0,8053.27983871,22669.5040839,1.0
1080,23811,392.5,245.0,21096.1221774,51957.1530709,3.0
1081,23812,302.0,158.666666667,74230.4141129,75865.8956165,3.0
1082,23813,302.0,158.666666667,18842.771371,48977.4895161,3.0
1083,23836,327.0,172.0,5301.67258065,39992.0782258,3.0
1084,23841,392.5,245.0,49955.8076613,69501.0806406,3.0
1085,23842,506.0,292.5,61923.7596774,72404.9756125,3.0
1086,23850,325.0,192.0,17448.7729839,37881.4862903,2.0
1087,23950,90.3720930233,33.1162790698,1388.4,2177.77258065,1.0
1088,23975,506.0,292.5,18548.8560484,46526.7955645,2.0
1089,24007,1043.0,418.0,129205.175806,148977.396734,3.0
1090,24012,1257.0,533.0,41036.1774194,181652.360016,1.0
1091,24049,1131.0,234.0,18485.8741935,103435.035104,1.0
1092,24058,1035.0,328.0,30292.8725806,133435.608269,1.0
1093,24071,824.0,396.0,114328.861694,95683.9961711,3.0
1094,24087,586.0,196.0,22527.9096774,55445.7340058,1.0
1095,24088,1028.0,434.0,108964.207258,125986.664561,3.0
1096,24091,772.0,276.0,86168.9745968,93830.6177253,2.0
1097,24102,1311.0,468.0,27822.5842742,177717.33889,1.0
1098,24110,606.0,403.0,65559.9120968,83784.7293457,1.0
1099,24113,905.0,165.0,22239.5927419,92400.560009,1.0
1100,24119,1218.0,310.0,14930.8983871,105482.846227,1.0
1101,24128,487.0,53.5,18877.7612903,64690.1676714,3.0
1102,24143,853.0,568.5,22127.625,186519.992378,1.0
1103,24153,1260.0,409.0,45654.8467742,127372.006033,1.0
1104,24205,310.0,170.5,21425.0274194,26031.8801786,3.0
1105,24207,963.0,601.0,24407.5681452,124860.096836,3.0
1106,24211,262.0,170.0,34617.6266129,39337.0669355,3.0
1107,24224,457.0,174.0,48974.6903226,63869.622846,2.0
1108,24229,1461.0,480.0,39094.9366935,163427.80707,1.0
1109,24236,290.0,118.0,1435.98629032,25410.9473359,1.0
1110,24239,584.0,370.0,37493.7979839,68963.7314516,3.0
1111,24243,853.0,568.5,36971.7483871,37244.6697581,1.0
1112,24290,550.0,168.0,58070.6697581,62121.8976075,2.0
1113,24293,503.0,228.0,8933.62620968,40432.6100144,1.0
1114,24305,310.0,170.5,49685.6854839,61689.6471256,3.0
1115,24328,487.0,53.5,4435.32217742,15594.8321069,1.0
1116,24330,581.0,374.0,66240.116129,71631.2548461,3.0
1117,24343,302.0,135.0,35714.9104839,34721.0190476,2.0
1118,24515,1737.0,761.0,42484.7600806,95096.383899,1.0
1119,24527,1942.0,717.0,19219.2629032,114695.77196,1.0
1120,24544,253.0,91.0,5108.52822581,9087.33024194,1.0
1121,24585,1007.0,259.0,19118.4919355,76946.923416,1.0
1122,24596,467.0,143.0,16193.3346774,42835.9013334,1.0
1123,24876,90.0,11.0,12316.4516129,6947.5983871,1.0
1124,24905,169.0,27.0,0.0,17217.7382295,1.0
1125,24907,241.0,83.0,14546.0092742,20166.7899194,1.0
1126,24973,356.0,98.0,11247.1596774,32484.9232467,1.0
1127,24975,157.0,15.0,964.322177419,2800.35987903,1.0
1128,25020,1355.0,560.0,158395.166129,203199.296421,2.0
1129,25021,1422.0,538.0,134611.818145,180536.246802,3.0
1130,25022,913.0,323.0,138501.297581,126394.785484,2.0
1131,25029,715.0,266.0,72907.7951613,90320.7806778,2.0
1132,25032,984.0,236.0,105097.121371,118569.966741,1.0
1133,25079,1088.0,189.0,63295.3645161,119356.273427,1.0
1134,25107,970.0,311.0,67653.708871,119605.808404,1.0
1135,25129,1141.0,398.0,126943.427419,152335.106178,3.0
1136,25154,706.0,272.0,31412.55,87590.0541085,2.0
1137,25163,700.0,193.0,27201.1633065,101767.557985,1.0
1138,25164,703.0,198.0,19875.6737903,71185.2678389,1.0
1139,25165,770.0,280.0,27747.0060484,88561.6899966,1.0
1140,25169,439.0,46.0,17857.4552419,40958.6712722,1.0
1141,25184,517.0,98.0,22017.0568548,52719.2706965,1.0
1142,25193,564.0,78.0,11958.1548387,57066.2800544,1.0
1143,25200,489.0,149.0,15143.6370968,55595.7341258,1.0
1144,25209,611.0,78.0,16103.7604839,66456.6881093,1.0
1145,25214,546.0,176.0,20263.3620968,75345.3764972,1.0
1146,25219,678.0,218.0,49395.9689516,92523.4428675,2.0
1147,25240,538.0,201.0,4639.66330645,35668.3193505,1.0
1148,25241,393.0,123.0,5146.31733871,32737.255467,1.0
1149,25242,382.0,105.0,28618.9548387,56512.4224227,2.0
1150,25244,446.0,158.0,21019.1443548,69261.9046756,2.0
1151,25252,574.0,165.0,6888.81532258,41394.2756834,1.0
1152,25281,670.0,218.0,7282.10201613,65505.1756925,1.0
1153,25285,561.0,130.0,3066.51653226,31795.8077796,1.0
1154,25467,257.0,69.0,0.0,9845.03863047,1.0
1155,25499,475.0,85.0,31310.3794355,55528.7265935,1.0
1156,25509,1739.0,706.0,18029.6056452,114447.36049,1.0
1157,25521,3526.0,1383.0,133704.879435,225391.968131,1.0
1158,25538,206.5,77.0,312.110080645,7822.01705408,1.0
1159,25563,429.0,117.0,10660.728629,52693.4189516,1.0
1160,25576,724.0,294.0,10312.2290323,35141.5656653,1.0
1161,25581,1105.0,143.0,14186.3129032,75717.762763,1.0
1162,25592,181.0,83.0,365.294758065,3254.34241935,1.0
1163,25852,354.0,56.0,29735.8330645,50646.7535988,2.0
1164,25905,148.0,47.0,19630.7443548,15066.5393088,3.0
1165,25931,210.0,72.0,29696.6443548,28130.405268,3.0
1166,25944,234.0,39.0,9367.50120968,11765.0104839,1.0
1167,25955,262.0,57.0,13522.9040323,30660.5897177,1.0
1168,25973,31.6666666667,21.2666666667,2471.68790323,3643.15040323,3.0
1169,25980,167.0,46.0,11987.546371,10119.5732159,1.0
1170,25985,0.0,0.0,1056.69556452,2650.83629032,
1171,26018,644.0,94.0,23297.6879032,69607.7245245,1.0
1172,26026,694.0,138.0,16366.8846774,76350.5346163,1.0
1173,26031,560.0,111.0,27938.7508065,68967.7978476,3.0
1174,26041,506.0,78.0,11695.0306452,59565.7094054,1.0
1175,26046,601.0,112.0,19390.0137097,63710.9033354,1.0
1176,26094,366.0,51.0,16727.9806452,44603.9828629,1.0
1177,26098,236.0,9.0,13216.3923387,20128.7245702,1.0
1178,26115,717.0,105.0,36868.1782258,81844.2589096,1.0
1179,26133,525.0,110.0,25430.6733871,58364.6799686,1.0
1180,26159,686.0,119.0,67904.2366935,86921.2912802,1.0
1181,26162,701.0,136.0,40817.8403226,105718.796811,1.0
1182,26173,963.0,182.0,75250.7201613,119306.838788,3.0
1183,26178,536.0,72.0,14568.4028226,57470.9746739,1.0
1184,26186,393.0,45.0,18596.4423387,33882.7605511,1.0
1185,26188,358.5,28.0,16999.5024194,65528.6302,1.0
1186,26191,405.0,80.0,18201.7560484,35354.8354341,1.0
1187,26203,938.0,103.0,40292.9915323,117866.106043,1.0
1188,26205,325.0,41.0,23760.9544355,30169.2881855,1.0
1189,26213,466.0,92.0,25759.578629,42504.1674448,1.0
1190,26221,625.0,62.0,23311.683871,80134.3638204,1.0
1191,26266,659.0,115.0,21000.9495968,62466.4533266,1.0
1192,26315,322.0,100.0,8162.4483871,17347.1455962,1.0
1193,26503,2971.0,701.0,85975.8302419,204869.611573,1.0
1194,26505,3683.0,833.0,47318.9673387,130213.939939,1.0
1195,26513,4433.0,1098.0,94951.4443548,249986.140137,1.0
1196,26525,1172.0,336.0,14709.7620968,79932.8333815,1.0
1197,26566,1096.0,206.0,23485.233871,75581.226885,1.0
1198,26688,358.5,28.0,6743.25725806,15469.0524351,1.0
1199,27042,734.0,549.0,36901.7685484,84566.4362903,3.0
1200,27043,456.0,328.5,37765.3197581,109354.809817,1.0
1201,27045,353.0,205.0,18863.7653226,49366.5774194,1.0
1202,27047,214.0,34.0,6478.73346774,19962.9779062,1.0
1203,27051,236.0,89.0,31376.1604839,28456.7903226,2.0
1204,27056,393.0,177.0,18238.1455645,54109.5845428,1.0
1205,27060,1235.0,598.0,39236.2959677,152367.427968,1.0
1206,27063,1334.0,532.0,94271.2403226,158668.140601,2.0
1207,27066,524.0,239.0,29833.8048387,71835.7462615,3.0
1208,27090,846.0,383.0,25201.1395161,115580.412029,2.0
1209,27096,314.0,110.0,14281.4854839,43565.4499469,2.0
1210,27097,742.0,387.0,24498.5419355,105569.924691,2.0
1211,27106,228.0,180.0,19650.3387097,28244.8864889,3.0
1212,27108,1483.0,606.0,34823.3673387,156936.394963,1.0
1213,27114,660.0,72.0,16887.5346774,42624.6926691,1.0
1214,27117,488.0,230.0,17343.8032258,53918.246238,2.0
1215,27123,713.0,367.0,49047.4693548,99966.8837197,2.0
1216,27133,467.0,251.0,37317.4487903,69586.5520161,3.0
1217,27146,702.0,148.0,18645.4282258,57268.0361012,1.0
1218,27155,531.0,176.0,22827.4233871,74392.1468415,1.0
1219,27183,558.0,440.0,23524.4225806,66162.1052707,3.0
1220,27197,522.0,345.0,26746.2943548,74056.8641129,3.0
1221,27206,449.0,177.0,26870.8584677,59816.6996884,3.0
1222,27207,709.0,73.0,19013.5221774,51532.8020062,1.0
1223,27223,595.0,333.0,26106.678629,72660.0665323,3.0
1224,27232,1030.0,285.0,16508.2439516,97568.7932702,1.0
1225,27233,1349.0,251.0,22115.028629,54618.4677906,1.0
1226,27253,607.0,431.0,37737.3278226,95306.9419355,3.0
1227,27254,657.0,283.0,37226.475,80452.1134541,1.0
1228,27260,358.0,195.0,3937.06572581,20511.0757835,1.0
1229,27261,260.0,114.0,5406.64233871,2167.07522204,1.0
1230,27273,361.0,171.0,20607.6629032,47288.8022401,2.0
1231,27308,617.0,201.0,10007.1169355,43842.3325368,1.0
1232,27309,630.0,325.0,14229.7004032,35766.9923145,1.0
1233,27314,273.0,103.0,4551.48870968,17098.3442132,1.0
1234,27316,345.0,118.0,28312.4431452,41698.4064858,2.0
1235,27320,263.0,99.0,10301.0322581,31259.9939516,1.0
1236,27334,283.0,105.0,3970.65604839,18906.8942764,1.0
1237,27340,336.0,185.5,11602.6572581,23082.15,1.0
1238,27362,572.0,337.0,27096.1935484,78959.6516129,1.0
1239,27375,152.0,86.0,15174.4282258,18175.0324975,3.0
1240,27502,433.0,188.0,5462.62620968,28137.0919459,1.0
1241,27519,2164.0,889.0,32537.8258065,103044.050042,1.0
1242,27525,1011.0,294.0,17885.4471774,72484.0378486,1.0
1243,27529,1734.0,659.0,10946.246371,118147.031187,1.0
1244,27540,357.0,161.0,5011.95604839,24402.6695565,1.0
1245,27569,90.3720930233,33.1162790698,790.772177419,0.0,1.0
1246,27643,456.0,328.5,7536.82862903,7725.77419355,1.0
1247,27869,318.0,158.0,17168.853629,44450.1623967,2.0
1248,27890,336.0,185.5,52059.4016129,68806.5167454,3.0
1249,27904,295.0,43.0,8169.44637097,22088.898013,1.0
1250,27931,262.0,62.0,0.0,15655.7403205,1.0
1251,27933,362.0,54.0,8639.7108871,23195.9708081,1.0
1252,27945,553.0,98.0,4450.71774194,45217.4542035,3.0
1253,27951,90.3720930233,33.1162790698,2748.80806452,0.0,1.0
1254,27952,90.3720930233,33.1162790698,3636.15241935,0.0,1.0
1255,27984,10.9142857143,3.02857142857,335.903225806,600.427016129,1.0
1256,27995,0.0,0.0,976.918548387,1791.48387097,
1257,27997,253.0,31.0,759.981048387,24587.1683706,1.0
1258,28040,502.0,327.0,27703.6185484,53866.2810484,3.0
1259,28048,621.0,334.0,59400.2866935,81092.6370968,1.0
1260,28050,817.0,408.0,32467.8459677,105852.903629,3.0
1261,28055,528.0,176.0,20435.5125,60163.0669355,2.0
1262,28080,530.0,242.0,24820.4491935,62895.4567833,2.0
1263,28099,406.5,140.0,14222.7024194,51125.1576367,1.0
1264,28101,666.0,42.0,11960.9540323,60789.905308,1.0
1265,28121,937.0,321.0,25040.1858871,94961.087918,1.0
1266,28139,779.0,229.0,14142.9254032,87639.6128277,3.0
1267,28140,495.0,297.0,25857.5504032,61362.521371,3.0
1268,28144,880.0,65.0,16887.5346774,75965.6374484,1.0
1269,28160,677.0,356.0,30008.7544355,99100.3398568,3.0
1270,28161,745.0,270.0,18575.4483871,95292.3676397,1.0
1271,28167,822.0,247.0,11170.1818548,61280.170862,1.0
1272,28174,686.0,104.0,33777.8685484,67782.4309788,1.0
1273,28175,791.0,207.0,23411.0552419,99022.1245009,1.0
1274,28196,955.0,82.0,40957.8,97679.0530543,1.0
1275,28203,209.0,16.0,9298.92096774,25811.1117823,2.0
1276,28206,608.0,244.0,27496.4782258,70158.0712,1.0
1277,28220,706.0,282.0,42095.6721774,91198.5084936,2.0
1278,28284,618.0,168.0,6823.03427419,32135.1477887,1.0
1279,28299,406.5,140.0,18964.5362903,40574.0045683,1.0
1280,28310,662.0,253.0,16434.0653226,52537.30007,1.0
1281,28312,113.0,62.0,6783.84556452,15401.1629032,3.0
1282,28325,485.0,192.0,4650.86008065,21788.8320895,1.0
1283,28328,456.0,170.0,170.750806452,24026.9000973,1.0
1284,28349,195.0,86.0,12536.1883065,25308.9084677,3.0
1285,28350,521.0,169.0,6895.81330645,30403.6545531,1.0
1286,28354,650.0,288.0,32672.1870968,74641.8120745,2.0
1287,28372,219.0,102.0,17644.7165323,25124.1616935,1.0
1288,28501,521.0,241.0,4310.75806452,28618.2187813,1.0
1289,28510,698.0,180.0,14652.378629,42375.1115746,1.0
1290,28511,3838.0,1131.0,65481.5346774,149282.05121,1.0
1291,28522,3371.0,1211.0,96411.2237903,187802.354366,1.0
1292,28540,206.5,77.0,3841.89314516,5395.93953985,1.0
1293,28541,2057.0,606.0,42823.4625,153334.474993,1.0
1294,28556,0.0,0.0,1694.91169355,1694.91169355,
1295,28575,460.0,94.0,7500.4391129,22186.685068,1.0
1296,28584,196.0,85.0,2436.69798387,5034.51318601,1.0
1297,28586,1060.0,258.0,6771.24919355,70002.7109545,1.0
1298,28682,397.0,216.0,19300.4395161,35332.8205645,2.0
1299,28803,31.6666666667,21.2666666667,527.647983871,1153.26774194,1.0
1300,28853,141.0,58.0,4299.56129032,16855.4839113,1.0
1301,28870,153.0,58.0,25429.2737903,41556.5615571,3.0
1302,28871,153.0,58.0,5630.57782258,5627.77862903,1.0
1303,28882,397.0,216.0,63930.7814516,59950.5123833,1.0
1304,28937,355.0,49.0,5844.71612903,16967.2252987,1.0
1305,28950,90.3720930233,33.1162790698,0.0,7091.28529975,1.0
1306,28963,254.0,11.0,14147.1241935,22404.6674059,1.0
1307,28973,31.6666666667,21.2666666667,996.512903226,1664.00550333,2.0
1308,28984,10.9142857143,3.02857142857,1035.7016129,1006.31008065,1.0
1309,28987,0.0,0.0,2510.8766129,2510.8766129,
1310,28994,0.0,0.0,228.134274194,1666.91975806,
1311,29015,454.0,213.0,27485.2814516,62807.7175079,1.0
1312,29033,997.0,296.0,21170.3008065,99877.959014,1.0
1313,29034,571.0,240.0,52062.2008065,78069.5080645,2.0
1314,29035,694.0,303.0,24795.2564516,88758.228629,1.0
1315,29037,508.0,278.0,46090.121371,69325.4966255,3.0
1316,29038,227.0,60.0,11129.5935484,30147.3145161,1.0
1317,29131,867.0,353.0,7944.11129032,115424.372808,1.0
1318,29132,393.0,215.0,25559.4362903,49024.6304802,1.0
1319,29134,421.0,198.0,24641.3008065,62430.4137097,1.0
1320,29136,657.0,316.0,30929.6891129,86719.016129,2.0
1321,29138,785.0,331.0,36028.4201613,97511.3068548,2.0
1322,29147,607.0,224.0,10466.1846774,65707.0160795,1.0
1323,29156,277.0,108.0,15599.9056452,32424.4584677,2.0
1324,29176,737.0,212.0,48137.7314516,98617.963929,1.0
1325,29181,338.0,141.0,32084.3564516,49689.8842742,2.0
1326,29195,592.0,244.0,41183.1350806,82079.3528226,3.0
1327,29208,722.0,127.0,20970.1584677,71579.8598842,1.0
1328,29243,412.0,139.0,2356.92096774,16462.4975286,1.0
1329,29248,468.0,162.0,2932.15524194,14706.1681469,1.0
1330,29251,344.0,126.0,15646.0923387,42342.7718737,1.0
1331,29259,608.0,172.0,5230.29314516,35606.0541077,1.0
1332,29265,494.0,168.0,5763.53951613,23313.6319102,1.0
1333,29268,604.0,291.0,18611.8379032,52183.08563,1.0
1334,29270,701.0,185.0,28089.9072581,75523.0725905,1.0
1335,29272,484.0,171.0,3882.48145161,19481.4884486,1.0
1336,29283,597.0,186.0,9681.0108871,29535.1435266,1.0
1337,29295,525.0,182.0,17898.0435484,65001.7073907,1.0
1338,29313,328.0,124.0,8363.99032258,11847.5408051,1.0
1339,29326,363.0,103.0,5357.65645161,26054.4851057,1.0
1340,29327,498.0,166.0,17728.6923387,42381.9483601,1.0
1341,29339,317.0,126.0,26385.1983871,35748.7703786,2.0
1342,29360,129.0,40.0,17261.2270161,18390.7016129,3.0
1343,29498,458.0,194.0,9388.49516129,21110.5014972,1.0
1344,29501,414.0,154.0,4975.56653226,21010.6833484,1.0
1345,29910,456.0,80.0,9953.93225806,31800.4740674,1.0
1346,29912,334.0,15.0,10526.3673387,38736.9966793,1.0
1347,29938,540.0,186.0,47145.4173387,69783.8951613,2.0
1348,29984,10.9142857143,3.02857142857,599.027419355,628.342735947,1.0
1349,30002,594.0,173.0,22371.1548387,51205.2078843,1.0
1350,30070,926.0,432.0,36852.7826613,98421.8557223,1.0
1351,30078,324.0,41.5,11696.4302419,20014.8461946,3.0
1352,30111,290.0,240.0,12037.9318548,36445.5493634,1.0
1353,30122,1360.0,349.0,24397.7709677,120438.213874,1.0
1354,30127,1284.0,627.0,33664.5012097,146499.996959,1.0
1355,30151,415.0,262.0,13748.2391129,59065.1950896,3.0
1356,30166,1148.0,453.0,28235.4653226,123039.867377,1.0
1357,30171,502.0,304.0,23191.3185484,68500.4649194,1.0
1358,30222,289.0,122.0,17135.2633065,35269.0157708,1.0
1359,30228,338.0,187.0,44430.1995968,41490.1117409,1.0
1360,30234,566.0,276.0,16667.7979839,64695.9802687,1.0
1361,30258,431.0,160.0,6342.97258065,39740.6819787,1.0
1362,30264,567.0,214.0,9917.54274194,42812.5196483,1.0
1363,30267,407.0,160.0,4023.84072581,31169.5478048,1.0
1364,30280,718.0,416.0,27735.8092742,92054.2790323,3.0
1365,30286,558.0,247.0,34880.7508065,47537.3680535,1.0
1366,30312,324.0,41.5,4452.11733871,40473.0146673,1.0
1367,30321,402.0,119.5,4774.02459677,32839.4389113,1.0
1368,30329,301.0,154.0,31294.983871,45587.666129,1.0
1369,30359,412.0,152.0,35240.4471774,54850.0312919,2.0
1370,30361,186.0,84.0,28796.703629,26225.9001432,3.0
1371,30500,970.0,438.0,15252.8056452,67333.7557669,1.0
1372,30501,538.0,133.0,7581.61572581,32932.5542251,1.0
1373,30523,2053.0,979.0,43388.8995968,141494.42252,1.0
1374,30524,1025.0,346.0,31726.0596774,112695.106705,1.0
1375,30533,2388.0,984.0,20203.1794355,119923.566465,1.0
1376,30542,620.0,240.0,7496.24032258,32029.0709766,1.0
1377,30544,516.0,74.0,4438.12137097,26566.165605,1.0
1378,30550,845.0,146.0,19898.0673387,54372.654746,1.0
1379,30576,990.0,266.0,6468.93629032,54778.678388,1.0
1380,30583,1496.0,672.0,33833.8524194,132064.869288,1.0
1381,30599,597.0,105.0,15250.0064516,40310.826475,1.0
1382,30822,325.0,142.5,14368.2604839,44962.2717298,2.0
1383,30832,325.0,142.5,14210.1060484,31101.8039332,1.0
1384,30852,402.0,119.5,21748.3342742,50966.3165323,1.0
1385,30873,31.6666666667,21.2666666667,0.0,1623.53225806,1.0
1386,30914,471.0,73.0,2316.33266129,57355.4758065,1.0
1387,30915,83.0,5.0,9116.9733871,16328.9025167,2.0
1388,30916,274.0,14.0,3917.47137097,7904.33565297,1.0
1389,30924,121.0,6.0,1857.26491935,12655.7625526,1.0
1390,30925,83.0,5.0,3542.37943548,3938.32024243,1.0
1391,30940,35.0,8.0,1424.78951613,4139.30745968,1.0
1392,30984,10.9142857143,3.02857142857,643.814516129,1385.34361559,1.0
1393,30986,269.0,100.0,17735.6903226,33462.0032655,2.0
1394,30988,0.0,0.0,909.737903226,2621.44475806,
1395,30997,75.0,22.0,6319.17943548,3935.66612903,1.0
1396,30998,0.0,0.0,815.964919355,1743.89758065,
1397,31001,497.0,111.0,25902.3375,44517.9904331,1.0
1398,31003,409.0,50.5,27051.4064516,55454.6988467,1.0
1399,31004,780.0,163.0,30427.233871,63786.0398185,1.0
1400,32000,282.0,27.0,7163.13629032,27881.7172379,1.0
1401,31006,573.0,114.0,24505.5399194,41948.3646169,1.0
1402,31008,588.0,99.0,16028.1822581,45343.5328927,1.0
1403,31009,262.0,49.0,25124.1616935,31841.5881582,1.0
1404,31010,142.0,111.0,8119.0608871,20382.7754877,1.0
1405,31011,304.0,145.0,15921.8129032,34594.2668291,1.0
1406,31016,548.0,413.0,31811.4350806,80261.0287138,3.0
1407,31020,485.0,390.0,26800.878629,67454.966129,2.0
1408,31022,519.0,301.5,24290.0020161,69849.3192544,3.0
1409,31023,525.0,101.0,22387.95,47269.2016763,1.0
1410,31026,244.0,58.0,8802.0641129,19534.7307884,1.0
1411,31028,186.0,86.0,14502.6217742,22262.8890837,3.0
1412,31029,697.0,174.0,46148.9044355,66027.8832736,2.0
1413,31030,827.0,162.0,21016.3451613,68920.6725308,1.0
1414,31032,678.0,113.0,51068.4870968,62408.3490988,1.0
1415,31035,391.0,80.0,9878.35403226,33819.0104267,1.0
1416,31036,885.0,120.0,57757.1600806,69521.9472825,1.0
1417,31038,390.0,145.0,17497.758871,41160.0417339,1.0
1418,31039,569.0,252.0,14739.153629,61270.5754283,1.0
1419,31041,710.0,256.0,20674.8435484,65200.2957028,1.0
1420,31042,1025.0,158.0,37041.7282258,87672.7001948,3.0
1421,31044,918.0,699.0,64952.4870968,124317.783871,1.0
1422,31045,873.0,417.0,33751.2762097,105413.314324,2.0
1423,31046,290.0,167.0,20084.2137097,37487.4650976,3.0
1424,31048,974.0,197.0,23308.8846774,76919.0582001,1.0
1425,31050,795.0,129.0,37030.5314516,68198.9702419,1.0
1426,31052,515.0,169.0,22870.8108871,50149.7142965,1.0
1427,31053,824.0,137.0,43875.9592742,61669.2925924,2.0
1428,31054,788.0,236.0,87353.0334677,83920.6390121,1.0
1429,31055,625.0,84.0,16956.1149194,44975.0291978,1.0
1430,31056,595.0,83.0,24347.3854839,48345.1898644,1.0
1431,31058,722.0,182.0,42195.0435484,75145.5496414,1.0
1432,31059,236.0,90.0,25877.1447581,31166.763565,3.0
1433,31060,913.0,263.0,24066.0665323,87923.1274962,3.0
1434,31062,141.0,19.0,12498.3991935,15336.5604626,1.0
1435,31069,982.0,284.0,82577.6092742,91894.0006951,1.0
1436,31074,323.0,233.0,24586.7165323,45010.9630472,3.0
1437,31078,886.0,729.0,49712.2778226,130309.457661,1.0
1438,31080,1337.0,340.0,87344.6358871,109054.120201,1.0
1439,31168,58.0,31.0,7633.40080645,8132.20492637,3.0
1440,31261,914.0,397.0,37425.2177419,104731.536807,2.0
1441,31286,409.0,50.5,5108.52822581,5551.87719126,1.0
1442,31501,2501.0,1233.0,30416.0370968,78681.5199526,1.0
1443,31503,2929.0,994.0,26866.6596774,112607.068061,1.0
1444,31505,1505.0,679.0,31454.5379032,89364.5807864,1.0
1445,31507,3285.0,970.0,33583.3245968,151386.582818,1.0
1446,31509,3875.0,579.0,19066.7068548,120930.107827,1.0
1447,31511,726.0,359.0,23010.7705645,45752.5076818,1.0
1448,31512,1309.0,180.0,41348.2875,89524.0267515,1.0
1449,31547,484.0,74.0,5163.1125,23492.3974321,1.0
1450,31550,153.0,88.0,1230.24556452,5137.65011098,1.0
1451,31622,519.0,301.5,23009.3709677,62592.9022464,1.0
1452,31664,425.0,74.0,5774.73629032,23161.6554526,1.0
1453,31665,424.0,129.0,28537.7782258,46594.0461895,1.0
1454,31917,191.0,79.0,9465.47298387,32128.2697069,2.0
1455,31935,105.0,47.0,13214.9927419,12317.8512097,3.0
1456,31950,90.3720930233,33.1162790698,4184.79435484,4625.59376902,1.0
1457,31951,90.3720930233,33.1162790698,2240.75443548,43.3875,1.0
1458,31953,90.3720930233,33.1162790698,453.469354839,0.0,1.0
1459,31971,0.0,0.0,1707.50806452,1749.49596774,
1460,31984,10.9142857143,3.02857142857,645.214112903,680.204032258,1.0
1461,31991,0.0,0.0,407.28266129,1750.89556452,
1462,32045,361.5,235.5,16690.1915323,93180.7056741,1.0
1463,32086,391.0,293.0,59445.0737903,59916.7379032,1.0
1464,32106,467.0,347.0,66959.508871,64066.5423387,1.0
1465,32123,667.0,500.0,23434.8483871,100453.012287,3.0
1466,32151,349.0,266.0,49713.6774194,45211.1745968,3.0
1467,32168,268.0,145.0,4940.5766129,23518.1806039,1.0
1468,32254,409.0,184.0,29457.3133065,58260.7984071,1.0
1469,32274,438.0,319.0,58634.7072581,64731.3508065,3.0
1470,32299,306.0,229.0,33749.8766129,40640.0915323,3.0
1471,32376,552.0,381.0,14413.0475806,70564.5272601,3.0
1472,32377,369.0,256.0,20798.0080645,44631.7415323,3.0
1473,32520,275.0,191.0,2387.71209677,18779.7895161,2.0
1474,32528,496.0,341.0,3340.8375,38338.9022165,1.0
1475,32552,187.0,123.0,961.522983871,15967.2997984,2.0
1476,32571,638.0,388.0,9258.33266129,31735.1355242,1.0
1477,32598,0.0,0.0,748.784274194,745.985080645,
1478,32845,361.5,235.5,5122.52419355,5384.21140383,1.0
1479,32879,1058.0,622.0,56850.221371,72837.3935898,2.0
1480,32884,295.0,192.0,42778.6754032,47457.5274194,3.0
1481,32893,809.0,485.0,43439.2850806,79183.1679064,2.0
1482,32904,247.0,82.0,14054.7508065,33730.6052419,2.0
1483,32932,191.0,55.0,7960.90645161,22062.7735345,1.0
1484,32933,462.0,254.0,2990.93830645,29659.9280199,1.0
1485,32984,10.9142857143,3.02857142857,790.772177419,800.569354839,1.0
1486,32992,0.0,0.0,1496.16895161,1871.2608871,
